,day,cumulative_infected,type_pretty,efficacy,policy
0,1.0,0.0,0%,Vaccine Efficacy 100%,D1
1,2.0,0.00024208333333331685,0%,Vaccine Efficacy 100%,D1
2,3.0,0.0008266666666666349,0%,Vaccine Efficacy 100%,D1
3,4.0,0.0019375000000000143,0%,Vaccine Efficacy 100%,D1
4,5.0,0.0038079166666665997,0%,Vaccine Efficacy 100%,D1
5,6.0,0.007072499999999949,0%,Vaccine Efficacy 100%,D1
6,7.0,0.009519166666666598,0%,Vaccine Efficacy 100%,D1
7,8.0,0.011664999999999991,0%,Vaccine Efficacy 100%,D1
8,9.0,0.015255416666666596,0%,Vaccine Efficacy 100%,D1
9,10.0,0.020524166666666708,0%,Vaccine Efficacy 100%,D1
10,11.0,0.028005833333333285,0%,Vaccine Efficacy 100%,D1
11,12.0,0.03745833333333337,0%,Vaccine Efficacy 100%,D1
12,13.0,0.050049999999999886,0%,Vaccine Efficacy 100%,D1
13,14.0,0.05919291666666678,0%,Vaccine Efficacy 100%,D1
14,15.0,0.06584000000000004,0%,Vaccine Efficacy 100%,D1
15,16.0,0.07407291666666668,0%,Vaccine Efficacy 100%,D1
16,17.0,0.08430208333333328,0%,Vaccine Efficacy 100%,D1
17,18.0,0.09677708333333328,0%,Vaccine Efficacy 100%,D1
18,19.0,0.11207458333333342,0%,Vaccine Efficacy 100%,D1
19,20.0,0.13058625,0%,Vaccine Efficacy 100%,D1
20,21.0,0.1439883333333333,0%,Vaccine Efficacy 100%,D1
21,22.0,0.15390750000000017,0%,Vaccine Efficacy 100%,D1
22,23.0,0.16392833333333337,0%,Vaccine Efficacy 100%,D1
23,24.0,0.1753008333333335,0%,Vaccine Efficacy 100%,D1
24,25.0,0.18915374999999995,0%,Vaccine Efficacy 100%,D1
25,26.0,0.20567749999999993,0%,Vaccine Efficacy 100%,D1
26,27.0,0.22333041666666667,0%,Vaccine Efficacy 100%,D1
27,28.0,0.2355629166666668,0%,Vaccine Efficacy 100%,D1
28,29.0,0.24478166666666656,0%,Vaccine Efficacy 100%,D1
29,30.0,0.2546262500000001,0%,Vaccine Efficacy 100%,D1
30,31.0,0.2656145833333335,0%,Vaccine Efficacy 100%,D1
31,32.0,0.27739624999999996,0%,Vaccine Efficacy 100%,D1
32,33.0,0.2911908333333333,0%,Vaccine Efficacy 100%,D1
33,34.0,0.30621249999999994,0%,Vaccine Efficacy 100%,D1
34,35.0,0.31686708333333335,0%,Vaccine Efficacy 100%,D1
35,36.0,0.32496624999999985,0%,Vaccine Efficacy 100%,D1
36,37.0,0.3331499999999997,0%,Vaccine Efficacy 100%,D1
37,38.0,0.3417254166666666,0%,Vaccine Efficacy 100%,D1
38,39.0,0.3512524999999999,0%,Vaccine Efficacy 100%,D1
39,40.0,0.3625170833333333,0%,Vaccine Efficacy 100%,D1
40,41.0,0.37528374999999997,0%,Vaccine Efficacy 100%,D1
41,42.0,0.3844775000000001,0%,Vaccine Efficacy 100%,D1
42,43.0,0.3909987500000001,0%,Vaccine Efficacy 100%,D1
43,44.0,0.39780375000000007,0%,Vaccine Efficacy 100%,D1
44,45.0,0.4049104166666667,0%,Vaccine Efficacy 100%,D1
45,46.0,0.4133433333333335,0%,Vaccine Efficacy 100%,D1
46,47.0,0.42205208333333327,0%,Vaccine Efficacy 100%,D1
47,48.0,0.43191375000000015,0%,Vaccine Efficacy 100%,D1
48,49.0,0.4391449999999999,0%,Vaccine Efficacy 100%,D1
49,50.0,0.44466458333333325,0%,Vaccine Efficacy 100%,D1
50,51.0,0.4500670833333333,0%,Vaccine Efficacy 100%,D1
51,52.0,0.45560291666666664,0%,Vaccine Efficacy 100%,D1
52,53.0,0.4620908333333334,0%,Vaccine Efficacy 100%,D1
53,54.0,0.4692470833333333,0%,Vaccine Efficacy 100%,D1
54,55.0,0.4776058333333334,0%,Vaccine Efficacy 100%,D1
55,56.0,0.48363375000000014,0%,Vaccine Efficacy 100%,D1
56,57.0,0.4883266666666667,0%,Vaccine Efficacy 100%,D1
57,58.0,0.49312833333333334,0%,Vaccine Efficacy 100%,D1
58,59.0,0.4984804166666667,0%,Vaccine Efficacy 100%,D1
59,60.0,0.5046845833333333,0%,Vaccine Efficacy 100%,D1
60,1.0,0.0,10%,Vaccine Efficacy 100%,D1
61,2.0,0.000296759259259242,10%,Vaccine Efficacy 100%,D1
62,3.0,0.000853703703703622,10%,Vaccine Efficacy 100%,D1
63,4.0,0.0019208333333334128,10%,Vaccine Efficacy 100%,D1
64,5.0,0.0036921296296295613,10%,Vaccine Efficacy 100%,D1
65,6.0,0.006671296296296308,10%,Vaccine Efficacy 100%,D1
66,7.0,0.009073611111111133,10%,Vaccine Efficacy 100%,D1
67,8.0,0.011050000000000103,10%,Vaccine Efficacy 100%,D1
68,9.0,0.014074537037037016,10%,Vaccine Efficacy 100%,D1
69,10.0,0.019028240740740818,10%,Vaccine Efficacy 100%,D1
70,11.0,0.025848148148148172,10%,Vaccine Efficacy 100%,D1
71,12.0,0.03515370370370369,10%,Vaccine Efficacy 100%,D1
72,13.0,0.04699259259259268,10%,Vaccine Efficacy 100%,D1
73,14.0,0.05566712962962965,10%,Vaccine Efficacy 100%,D1
74,15.0,0.06198518518518507,10%,Vaccine Efficacy 100%,D1
75,16.0,0.06969537037037014,10%,Vaccine Efficacy 100%,D1
76,17.0,0.07896342592592599,10%,Vaccine Efficacy 100%,D1
77,18.0,0.09087592592592578,10%,Vaccine Efficacy 100%,D1
78,19.0,0.10468194444444444,10%,Vaccine Efficacy 100%,D1
79,20.0,0.12060231481481462,10%,Vaccine Efficacy 100%,D1
80,21.0,0.13230231481481472,10%,Vaccine Efficacy 100%,D1
81,22.0,0.14150601851851854,10%,Vaccine Efficacy 100%,D1
82,23.0,0.15064398148148156,10%,Vaccine Efficacy 100%,D1
83,24.0,0.1605805555555555,10%,Vaccine Efficacy 100%,D1
84,25.0,0.17312453703703706,10%,Vaccine Efficacy 100%,D1
85,26.0,0.1878296296296295,10%,Vaccine Efficacy 100%,D1
86,27.0,0.20385231481481475,10%,Vaccine Efficacy 100%,D1
87,28.0,0.2154125,10%,Vaccine Efficacy 100%,D1
88,29.0,0.22399444444444458,10%,Vaccine Efficacy 100%,D1
89,30.0,0.23325324074074086,10%,Vaccine Efficacy 100%,D1
90,31.0,0.24291157407407415,10%,Vaccine Efficacy 100%,D1
91,32.0,0.2541842592592591,10%,Vaccine Efficacy 100%,D1
92,33.0,0.2669138888888889,10%,Vaccine Efficacy 100%,D1
93,34.0,0.2808208333333333,10%,Vaccine Efficacy 100%,D1
94,35.0,0.291425925925926,10%,Vaccine Efficacy 100%,D1
95,36.0,0.29906111111111106,10%,Vaccine Efficacy 100%,D1
96,37.0,0.3070773148148148,10%,Vaccine Efficacy 100%,D1
97,38.0,0.31570555555555563,10%,Vaccine Efficacy 100%,D1
98,39.0,0.3255499999999999,10%,Vaccine Efficacy 100%,D1
99,40.0,0.33643287037037034,10%,Vaccine Efficacy 100%,D1
100,41.0,0.3480851851851853,10%,Vaccine Efficacy 100%,D1
101,42.0,0.35671388888888883,10%,Vaccine Efficacy 100%,D1
102,43.0,0.36300416666666663,10%,Vaccine Efficacy 100%,D1
103,44.0,0.36939629629629633,10%,Vaccine Efficacy 100%,D1
104,45.0,0.3765217592592594,10%,Vaccine Efficacy 100%,D1
105,46.0,0.38478750000000006,10%,Vaccine Efficacy 100%,D1
106,47.0,0.39345370370370364,10%,Vaccine Efficacy 100%,D1
107,48.0,0.4029726851851852,10%,Vaccine Efficacy 100%,D1
108,49.0,0.4101074074074074,10%,Vaccine Efficacy 100%,D1
109,50.0,0.41535833333333333,10%,Vaccine Efficacy 100%,D1
110,51.0,0.42063750000000005,10%,Vaccine Efficacy 100%,D1
111,52.0,0.4268166666666667,10%,Vaccine Efficacy 100%,D1
112,53.0,0.43351527777777776,10%,Vaccine Efficacy 100%,D1
113,54.0,0.44113194444444453,10%,Vaccine Efficacy 100%,D1
114,55.0,0.44985370370370364,10%,Vaccine Efficacy 100%,D1
115,56.0,0.45567037037037034,10%,Vaccine Efficacy 100%,D1
116,57.0,0.4601981481481481,10%,Vaccine Efficacy 100%,D1
117,58.0,0.4650685185185185,10%,Vaccine Efficacy 100%,D1
118,59.0,0.47024583333333336,10%,Vaccine Efficacy 100%,D1
119,60.0,0.47598888888888885,10%,Vaccine Efficacy 100%,D1
120,1.0,0.0,40%,Vaccine Efficacy 100%,D1
121,2.0,0.0002645833333334322,40%,Vaccine Efficacy 100%,D1
122,3.0,0.0009048611111109514,40%,Vaccine Efficacy 100%,D1
123,4.0,0.001962500000000015,40%,Vaccine Efficacy 100%,D1
124,5.0,0.003729861111111177,40%,Vaccine Efficacy 100%,D1
125,6.0,0.005788888888888819,40%,Vaccine Efficacy 100%,D1
126,7.0,0.008169444444444451,40%,Vaccine Efficacy 100%,D1
127,8.0,0.0099090277777779,40%,Vaccine Efficacy 100%,D1
128,9.0,0.012315972222222311,40%,Vaccine Efficacy 100%,D1
129,10.0,0.015656250000000052,40%,Vaccine Efficacy 100%,D1
130,11.0,0.019789583333333225,40%,Vaccine Efficacy 100%,D1
131,12.0,0.025258333333333185,40%,Vaccine Efficacy 100%,D1
132,13.0,0.03221736111111086,40%,Vaccine Efficacy 100%,D1
133,14.0,0.03708819444444443,40%,Vaccine Efficacy 100%,D1
134,15.0,0.04117986111111113,40%,Vaccine Efficacy 100%,D1
135,16.0,0.04605000000000005,40%,Vaccine Efficacy 100%,D1
136,17.0,0.05207638888888885,40%,Vaccine Efficacy 100%,D1
137,18.0,0.059410416666666736,40%,Vaccine Efficacy 100%,D1
138,19.0,0.06831666666666673,40%,Vaccine Efficacy 100%,D1
139,20.0,0.07787847222222233,40%,Vaccine Efficacy 100%,D1
140,21.0,0.08503055555555565,40%,Vaccine Efficacy 100%,D1
141,22.0,0.09075069444444456,40%,Vaccine Efficacy 100%,D1
142,23.0,0.09688888888888887,40%,Vaccine Efficacy 100%,D1
143,24.0,0.10393055555555561,40%,Vaccine Efficacy 100%,D1
144,25.0,0.11184861111111102,40%,Vaccine Efficacy 100%,D1
145,26.0,0.12043472222222225,40%,Vaccine Efficacy 100%,D1
146,27.0,0.13052500000000006,40%,Vaccine Efficacy 100%,D1
147,28.0,0.13777569444444449,40%,Vaccine Efficacy 100%,D1
148,29.0,0.14309166666666664,40%,Vaccine Efficacy 100%,D1
149,30.0,0.14911736111111099,40%,Vaccine Efficacy 100%,D1
150,31.0,0.15643819444444448,40%,Vaccine Efficacy 100%,D1
151,32.0,0.16435694444444446,40%,Vaccine Efficacy 100%,D1
152,33.0,0.17302708333333328,40%,Vaccine Efficacy 100%,D1
153,34.0,0.1830333333333335,40%,Vaccine Efficacy 100%,D1
154,35.0,0.19036736111111108,40%,Vaccine Efficacy 100%,D1
155,36.0,0.19564097222222226,40%,Vaccine Efficacy 100%,D1
156,37.0,0.20173750000000013,40%,Vaccine Efficacy 100%,D1
157,38.0,0.20854236111111124,40%,Vaccine Efficacy 100%,D1
158,39.0,0.21633541666666664,40%,Vaccine Efficacy 100%,D1
159,40.0,0.22479652777777778,40%,Vaccine Efficacy 100%,D1
160,41.0,0.23513750000000014,40%,Vaccine Efficacy 100%,D1
161,42.0,0.24229027777777773,40%,Vaccine Efficacy 100%,D1
162,43.0,0.24773194444444446,40%,Vaccine Efficacy 100%,D1
163,44.0,0.25361875,40%,Vaccine Efficacy 100%,D1
164,45.0,0.2603270833333333,40%,Vaccine Efficacy 100%,D1
165,46.0,0.26793888888888895,40%,Vaccine Efficacy 100%,D1
166,47.0,0.27627569444444444,40%,Vaccine Efficacy 100%,D1
167,48.0,0.2850145833333333,40%,Vaccine Efficacy 100%,D1
168,49.0,0.2918326388888888,40%,Vaccine Efficacy 100%,D1
169,50.0,0.2969680555555556,40%,Vaccine Efficacy 100%,D1
170,51.0,0.30202083333333324,40%,Vaccine Efficacy 100%,D1
171,52.0,0.30746180555555547,40%,Vaccine Efficacy 100%,D1
172,53.0,0.3134465277777778,40%,Vaccine Efficacy 100%,D1
173,54.0,0.3204055555555555,40%,Vaccine Efficacy 100%,D1
174,55.0,0.32785,40%,Vaccine Efficacy 100%,D1
175,56.0,0.33298541666666676,40%,Vaccine Efficacy 100%,D1
176,57.0,0.337175,40%,Vaccine Efficacy 100%,D1
177,58.0,0.3417527777777778,40%,Vaccine Efficacy 100%,D1
178,59.0,0.346832638888889,40%,Vaccine Efficacy 100%,D1
179,60.0,0.3524680555555556,40%,Vaccine Efficacy 100%,D1
180,1.0,0.0,70%,Vaccine Efficacy 100%,D1
181,2.0,0.00027777777777772254,70%,Vaccine Efficacy 100%,D1
182,3.0,0.0007513888888889634,70%,Vaccine Efficacy 100%,D1
183,4.0,0.001615277777777714,70%,Vaccine Efficacy 100%,D1
184,5.0,0.002616666666666687,70%,Vaccine Efficacy 100%,D1
185,6.0,0.004008333333333367,70%,Vaccine Efficacy 100%,D1
186,7.0,0.005011111111111077,70%,Vaccine Efficacy 100%,D1
187,8.0,0.0056513888888887935,70%,Vaccine Efficacy 100%,D1
188,9.0,0.006986111111110915,70%,Vaccine Efficacy 100%,D1
189,10.0,0.008905555555555524,70%,Vaccine Efficacy 100%,D1
190,11.0,0.011327777777777825,70%,Vaccine Efficacy 100%,D1
191,12.0,0.013470833333333272,70%,Vaccine Efficacy 100%,D1
192,13.0,0.0165611111111112,70%,Vaccine Efficacy 100%,D1
193,14.0,0.018648611111111022,70%,Vaccine Efficacy 100%,D1
194,15.0,0.02062499999999999,70%,Vaccine Efficacy 100%,D1
195,16.0,0.023018055555555646,70%,Vaccine Efficacy 100%,D1
196,17.0,0.025662500000000046,70%,Vaccine Efficacy 100%,D1
197,18.0,0.028084722222222344,70%,Vaccine Efficacy 100%,D1
198,19.0,0.031313888888888836,70%,Vaccine Efficacy 100%,D1
199,20.0,0.03498750000000012,70%,Vaccine Efficacy 100%,D1
200,21.0,0.037881944444444336,70%,Vaccine Efficacy 100%,D1
201,22.0,0.04035833333333332,70%,Vaccine Efficacy 100%,D1
202,23.0,0.042973611111111074,70%,Vaccine Efficacy 100%,D1
203,24.0,0.04586805555555548,70%,Vaccine Efficacy 100%,D1
204,25.0,0.049181944444444646,70%,Vaccine Efficacy 100%,D1
205,26.0,0.053190277777777614,70%,Vaccine Efficacy 100%,D1
206,27.0,0.0574763888888887,70%,Vaccine Efficacy 100%,D1
207,28.0,0.06048194444444436,70%,Vaccine Efficacy 100%,D1
208,29.0,0.06304305555555562,70%,Vaccine Efficacy 100%,D1
209,30.0,0.066326388888889,70%,Vaccine Efficacy 100%,D1
210,31.0,0.06938749999999988,70%,Vaccine Efficacy 100%,D1
211,32.0,0.07300694444444449,70%,Vaccine Efficacy 100%,D1
212,33.0,0.07726527777777766,70%,Vaccine Efficacy 100%,D1
213,34.0,0.08105000000000019,70%,Vaccine Efficacy 100%,D1
214,35.0,0.08489166666666668,70%,Vaccine Efficacy 100%,D1
215,36.0,0.0875638888888888,70%,Vaccine Efficacy 100%,D1
216,37.0,0.09079305555555549,70%,Vaccine Efficacy 100%,D1
217,38.0,0.09377083333333343,70%,Vaccine Efficacy 100%,D1
218,39.0,0.0977791666666666,70%,Vaccine Efficacy 100%,D1
219,40.0,0.10153750000000016,70%,Vaccine Efficacy 100%,D1
220,41.0,0.10565694444444457,70%,Vaccine Efficacy 100%,D1
221,42.0,0.10827222222222213,70%,Vaccine Efficacy 100%,D1
222,43.0,0.11072083333333341,70%,Vaccine Efficacy 100%,D1
223,44.0,0.11447916666666666,70%,Vaccine Efficacy 100%,D1
224,45.0,0.11812500000000004,70%,Vaccine Efficacy 100%,D1
225,46.0,0.1215208333333334,70%,Vaccine Efficacy 100%,D1
226,47.0,0.1253347222222222,70%,Vaccine Efficacy 100%,D1
227,48.0,0.12970277777777767,70%,Vaccine Efficacy 100%,D1
228,49.0,0.13240277777777779,70%,Vaccine Efficacy 100%,D1
229,50.0,0.1346305555555555,70%,Vaccine Efficacy 100%,D1
230,51.0,0.13749722222222222,70%,Vaccine Efficacy 100%,D1
231,52.0,0.14053055555555558,70%,Vaccine Efficacy 100%,D1
232,53.0,0.14370416666666663,70%,Vaccine Efficacy 100%,D1
233,54.0,0.1481013888888888,70%,Vaccine Efficacy 100%,D1
234,55.0,0.15183194444444434,70%,Vaccine Efficacy 100%,D1
235,56.0,0.15469861111111113,70%,Vaccine Efficacy 100%,D1
236,57.0,0.1576222222222222,70%,Vaccine Efficacy 100%,D1
237,58.0,0.1602361111111111,70%,Vaccine Efficacy 100%,D1
238,59.0,0.16349444444444444,70%,Vaccine Efficacy 100%,D1
239,60.0,0.16666666666666666,70%,Vaccine Efficacy 100%,D1
240,1.0,0.0,0%,Vaccine Efficacy 100%,Without Screening
241,2.0,0.000275833333333253,0%,Vaccine Efficacy 100%,Without Screening
242,3.0,0.0009437500000000654,0%,Vaccine Efficacy 100%,Without Screening
243,4.0,0.0024220833333333286,0%,Vaccine Efficacy 100%,Without Screening
244,5.0,0.0048179166666667324,0%,Vaccine Efficacy 100%,Without Screening
245,6.0,0.008433333333333456,0%,Vaccine Efficacy 100%,Without Screening
246,7.0,0.011105416666666793,0%,Vaccine Efficacy 100%,Without Screening
247,8.0,0.01341000000000001,0%,Vaccine Efficacy 100%,Without Screening
248,9.0,0.018437083333333368,0%,Vaccine Efficacy 100%,Without Screening
249,10.0,0.02661208333333332,0%,Vaccine Efficacy 100%,Without Screening
250,11.0,0.03759166666666663,0%,Vaccine Efficacy 100%,Without Screening
251,12.0,0.052104166666666646,0%,Vaccine Efficacy 100%,Without Screening
252,13.0,0.07050750000000008,0%,Vaccine Efficacy 100%,Without Screening
253,14.0,0.08362583333333322,0%,Vaccine Efficacy 100%,Without Screening
254,15.0,0.0929358333333333,0%,Vaccine Efficacy 100%,Without Screening
255,16.0,0.10953583333333335,0%,Vaccine Efficacy 100%,Without Screening
256,17.0,0.13123749999999995,0%,Vaccine Efficacy 100%,Without Screening
257,18.0,0.15692208333333338,0%,Vaccine Efficacy 100%,Without Screening
258,19.0,0.18683249999999998,0%,Vaccine Efficacy 100%,Without Screening
259,20.0,0.22036625,0%,Vaccine Efficacy 100%,Without Screening
260,21.0,0.24389666666666657,0%,Vaccine Efficacy 100%,Without Screening
261,22.0,0.2615733333333334,0%,Vaccine Efficacy 100%,Without Screening
262,23.0,0.2875254166666667,0%,Vaccine Efficacy 100%,Without Screening
263,24.0,0.31778500000000004,0%,Vaccine Efficacy 100%,Without Screening
264,25.0,0.3520208333333333,0%,Vaccine Efficacy 100%,Without Screening
265,26.0,0.3890524999999999,0%,Vaccine Efficacy 100%,Without Screening
266,27.0,0.4254766666666667,0%,Vaccine Efficacy 100%,Without Screening
267,28.0,0.45309000000000005,0%,Vaccine Efficacy 100%,Without Screening
268,29.0,0.47214500000000004,0%,Vaccine Efficacy 100%,Without Screening
269,30.0,0.49905708333333326,0%,Vaccine Efficacy 100%,Without Screening
270,31.0,0.5281479166666666,0%,Vaccine Efficacy 100%,Without Screening
271,32.0,0.5578158333333334,0%,Vaccine Efficacy 100%,Without Screening
272,33.0,0.5871666666666667,0%,Vaccine Efficacy 100%,Without Screening
273,34.0,0.6166829166666666,0%,Vaccine Efficacy 100%,Without Screening
274,35.0,0.6380512500000001,0%,Vaccine Efficacy 100%,Without Screening
275,36.0,0.6534066666666667,0%,Vaccine Efficacy 100%,Without Screening
276,37.0,0.6717183333333333,0%,Vaccine Efficacy 100%,Without Screening
277,38.0,0.6899299999999999,0%,Vaccine Efficacy 100%,Without Screening
278,39.0,0.7091354166666667,0%,Vaccine Efficacy 100%,Without Screening
279,40.0,0.7283566666666667,0%,Vaccine Efficacy 100%,Without Screening
280,41.0,0.7462670833333334,0%,Vaccine Efficacy 100%,Without Screening
281,42.0,0.7592850000000001,0%,Vaccine Efficacy 100%,Without Screening
282,43.0,0.7686708333333333,0%,Vaccine Efficacy 100%,Without Screening
283,44.0,0.77962625,0%,Vaccine Efficacy 100%,Without Screening
284,45.0,0.7911570833333333,0%,Vaccine Efficacy 100%,Without Screening
285,46.0,0.802305,0%,Vaccine Efficacy 100%,Without Screening
286,47.0,0.8130841666666666,0%,Vaccine Efficacy 100%,Without Screening
287,48.0,0.8231379166666667,0%,Vaccine Efficacy 100%,Without Screening
288,49.0,0.8302779166666667,0%,Vaccine Efficacy 100%,Without Screening
289,50.0,0.8357216666666666,0%,Vaccine Efficacy 100%,Without Screening
290,51.0,0.8422429166666667,0%,Vaccine Efficacy 100%,Without Screening
291,52.0,0.8482629166666666,0%,Vaccine Efficacy 100%,Without Screening
292,53.0,0.8545758333333333,0%,Vaccine Efficacy 100%,Without Screening
293,54.0,0.860955,0%,Vaccine Efficacy 100%,Without Screening
294,55.0,0.8668916666666667,0%,Vaccine Efficacy 100%,Without Screening
295,56.0,0.8714845833333332,0%,Vaccine Efficacy 100%,Without Screening
296,57.0,0.8745570833333333,0%,Vaccine Efficacy 100%,Without Screening
297,58.0,0.8780645833333334,0%,Vaccine Efficacy 100%,Without Screening
298,59.0,0.88167125,0%,Vaccine Efficacy 100%,Without Screening
299,60.0,0.8852791666666667,0%,Vaccine Efficacy 100%,Without Screening
300,1.0,0.0,10%,Vaccine Efficacy 100%,Without Screening
301,2.0,0.00039907407407416376,10%,Vaccine Efficacy 100%,Without Screening
302,3.0,0.0010296296296295985,10%,Vaccine Efficacy 100%,Without Screening
303,4.0,0.0023564814814814173,10%,Vaccine Efficacy 100%,Without Screening
304,5.0,0.004425462962962896,10%,Vaccine Efficacy 100%,Without Screening
305,6.0,0.007932407407407308,10%,Vaccine Efficacy 100%,Without Screening
306,7.0,0.0105856481481481,10%,Vaccine Efficacy 100%,Without Screening
307,8.0,0.012979629629629709,10%,Vaccine Efficacy 100%,Without Screening
308,9.0,0.017813425925926073,10%,Vaccine Efficacy 100%,Without Screening
309,10.0,0.02473425925925928,10%,Vaccine Efficacy 100%,Without Screening
310,11.0,0.03474537037037022,10%,Vaccine Efficacy 100%,Without Screening
311,12.0,0.04687129629629631,10%,Vaccine Efficacy 100%,Without Screening
312,13.0,0.06108518518518506,10%,Vaccine Efficacy 100%,Without Screening
313,14.0,0.072135648148148,10%,Vaccine Efficacy 100%,Without Screening
314,15.0,0.07998379629629629,10%,Vaccine Efficacy 100%,Without Screening
315,16.0,0.0948657407407408,10%,Vaccine Efficacy 100%,Without Screening
316,17.0,0.11267870370370377,10%,Vaccine Efficacy 100%,Without Screening
317,18.0,0.13383240740740746,10%,Vaccine Efficacy 100%,Without Screening
318,19.0,0.15770462962962964,10%,Vaccine Efficacy 100%,Without Screening
319,20.0,0.18487916666666676,10%,Vaccine Efficacy 100%,Without Screening
320,21.0,0.20466851851851858,10%,Vaccine Efficacy 100%,Without Screening
321,22.0,0.21929027777777782,10%,Vaccine Efficacy 100%,Without Screening
322,23.0,0.24073194444444443,10%,Vaccine Efficacy 100%,Without Screening
323,24.0,0.26648749999999993,10%,Vaccine Efficacy 100%,Without Screening
324,25.0,0.29569259259259256,10%,Vaccine Efficacy 100%,Without Screening
325,26.0,0.3270708333333332,10%,Vaccine Efficacy 100%,Without Screening
326,27.0,0.3595055555555555,10%,Vaccine Efficacy 100%,Without Screening
327,28.0,0.38344351851851827,10%,Vaccine Efficacy 100%,Without Screening
328,29.0,0.4006444444444444,10%,Vaccine Efficacy 100%,Without Screening
329,30.0,0.4252680555555554,10%,Vaccine Efficacy 100%,Without Screening
330,31.0,0.45242314814814816,10%,Vaccine Efficacy 100%,Without Screening
331,32.0,0.48125879629629637,10%,Vaccine Efficacy 100%,Without Screening
332,33.0,0.5098898148148149,10%,Vaccine Efficacy 100%,Without Screening
333,34.0,0.5397,10%,Vaccine Efficacy 100%,Without Screening
334,35.0,0.5612152777777777,10%,Vaccine Efficacy 100%,Without Screening
335,36.0,0.5769694444444444,10%,Vaccine Efficacy 100%,Without Screening
336,37.0,0.5954314814814815,10%,Vaccine Efficacy 100%,Without Screening
337,38.0,0.6156847222222224,10%,Vaccine Efficacy 100%,Without Screening
338,39.0,0.6363092592592594,10%,Vaccine Efficacy 100%,Without Screening
339,40.0,0.6569532407407408,10%,Vaccine Efficacy 100%,Without Screening
340,41.0,0.6771699074074076,10%,Vaccine Efficacy 100%,Without Screening
341,42.0,0.6923481481481482,10%,Vaccine Efficacy 100%,Without Screening
342,43.0,0.7027203703703704,10%,Vaccine Efficacy 100%,Without Screening
343,44.0,0.7159597222222223,10%,Vaccine Efficacy 100%,Without Screening
344,45.0,0.7300995370370371,10%,Vaccine Efficacy 100%,Without Screening
345,46.0,0.7441462962962961,10%,Vaccine Efficacy 100%,Without Screening
346,47.0,0.758211574074074,10%,Vaccine Efficacy 100%,Without Screening
347,48.0,0.771487962962963,10%,Vaccine Efficacy 100%,Without Screening
348,49.0,0.7811083333333334,10%,Vaccine Efficacy 100%,Without Screening
349,50.0,0.7880481481481482,10%,Vaccine Efficacy 100%,Without Screening
350,51.0,0.796175462962963,10%,Vaccine Efficacy 100%,Without Screening
351,52.0,0.8041736111111112,10%,Vaccine Efficacy 100%,Without Screening
352,53.0,0.8127740740740741,10%,Vaccine Efficacy 100%,Without Screening
353,54.0,0.8205490740740742,10%,Vaccine Efficacy 100%,Without Screening
354,55.0,0.8283699074074073,10%,Vaccine Efficacy 100%,Without Screening
355,56.0,0.8342893518518518,10%,Vaccine Efficacy 100%,Without Screening
356,57.0,0.8385657407407408,10%,Vaccine Efficacy 100%,Without Screening
357,58.0,0.8430097222222223,10%,Vaccine Efficacy 100%,Without Screening
358,59.0,0.8483171296296297,10%,Vaccine Efficacy 100%,Without Screening
359,60.0,0.8534847222222223,10%,Vaccine Efficacy 100%,Without Screening
360,1.0,0.0,40%,Vaccine Efficacy 100%,Without Screening
361,2.0,0.0003479166666665713,40%,Vaccine Efficacy 100%,Without Screening
362,3.0,0.0010298611111111535,40%,Vaccine Efficacy 100%,Without Screening
363,4.0,0.002017361111111171,40%,Vaccine Efficacy 100%,Without Screening
364,5.0,0.0036597222222221307,40%,Vaccine Efficacy 100%,Without Screening
365,6.0,0.005956249999999959,40%,Vaccine Efficacy 100%,Without Screening
366,7.0,0.007737499999999879,40%,Vaccine Efficacy 100%,Without Screening
367,8.0,0.009491666666666553,40%,Vaccine Efficacy 100%,Without Screening
368,9.0,0.01298402777777774,40%,Vaccine Efficacy 100%,Without Screening
369,10.0,0.01767430555555569,40%,Vaccine Efficacy 100%,Without Screening
370,11.0,0.0235604166666668,40%,Vaccine Efficacy 100%,Without Screening
371,12.0,0.03011597222222247,40%,Vaccine Efficacy 100%,Without Screening
372,13.0,0.0382708333333333,40%,Vaccine Efficacy 100%,Without Screening
373,14.0,0.044825694444444314,40%,Vaccine Efficacy 100%,Without Screening
374,15.0,0.049320833333333404,40%,Vaccine Efficacy 100%,Without Screening
375,16.0,0.05693333333333328,40%,Vaccine Efficacy 100%,Without Screening
376,17.0,0.06586805555555546,40%,Vaccine Efficacy 100%,Without Screening
377,18.0,0.07657013888888899,40%,Vaccine Efficacy 100%,Without Screening
378,19.0,0.08877430555555559,40%,Vaccine Efficacy 100%,Without Screening
379,20.0,0.10276041666666656,40%,Vaccine Efficacy 100%,Without Screening
380,21.0,0.11261458333333321,40%,Vaccine Efficacy 100%,Without Screening
381,22.0,0.11983680555555568,40%,Vaccine Efficacy 100%,Without Screening
382,23.0,0.1312486111111112,40%,Vaccine Efficacy 100%,Without Screening
383,24.0,0.14472013888888893,40%,Vaccine Efficacy 100%,Without Screening
384,25.0,0.1610166666666667,40%,Vaccine Efficacy 100%,Without Screening
385,26.0,0.17874652777777772,40%,Vaccine Efficacy 100%,Without Screening
386,27.0,0.19718611111111103,40%,Vaccine Efficacy 100%,Without Screening
387,28.0,0.20975277777777773,40%,Vaccine Efficacy 100%,Without Screening
388,29.0,0.21989861111111106,40%,Vaccine Efficacy 100%,Without Screening
389,30.0,0.2338013888888888,40%,Vaccine Efficacy 100%,Without Screening
390,31.0,0.2506263888888889,40%,Vaccine Efficacy 100%,Without Screening
391,32.0,0.2680368055555555,40%,Vaccine Efficacy 100%,Without Screening
392,33.0,0.2873805555555556,40%,Vaccine Efficacy 100%,Without Screening
393,34.0,0.30737916666666654,40%,Vaccine Efficacy 100%,Without Screening
394,35.0,0.3213368055555556,40%,Vaccine Efficacy 100%,Without Screening
395,36.0,0.3315520833333333,40%,Vaccine Efficacy 100%,Without Screening
396,37.0,0.3455659722222222,40%,Vaccine Efficacy 100%,Without Screening
397,38.0,0.3617368055555556,40%,Vaccine Efficacy 100%,Without Screening
398,39.0,0.3791194444444445,40%,Vaccine Efficacy 100%,Without Screening
399,40.0,0.39712777777777775,40%,Vaccine Efficacy 100%,Without Screening
400,41.0,0.415998611111111,40%,Vaccine Efficacy 100%,Without Screening
401,42.0,0.42963680555555556,40%,Vaccine Efficacy 100%,Without Screening
402,43.0,0.43936458333333345,40%,Vaccine Efficacy 100%,Without Screening
403,44.0,0.4521548611111111,40%,Vaccine Efficacy 100%,Without Screening
404,45.0,0.467379861111111,40%,Vaccine Efficacy 100%,Without Screening
405,46.0,0.4830083333333334,40%,Vaccine Efficacy 100%,Without Screening
406,47.0,0.4999027777777778,40%,Vaccine Efficacy 100%,Without Screening
407,48.0,0.5169777777777778,40%,Vaccine Efficacy 100%,Without Screening
408,49.0,0.5288638888888888,40%,Vaccine Efficacy 100%,Without Screening
409,50.0,0.5376722222222222,40%,Vaccine Efficacy 100%,Without Screening
410,51.0,0.5487777777777778,40%,Vaccine Efficacy 100%,Without Screening
411,52.0,0.5609409722222223,40%,Vaccine Efficacy 100%,Without Screening
412,53.0,0.5741895833333334,40%,Vaccine Efficacy 100%,Without Screening
413,54.0,0.5871881944444445,40%,Vaccine Efficacy 100%,Without Screening
414,55.0,0.6003805555555556,40%,Vaccine Efficacy 100%,Without Screening
415,56.0,0.6101506944444445,40%,Vaccine Efficacy 100%,Without Screening
416,57.0,0.6173180555555555,40%,Vaccine Efficacy 100%,Without Screening
417,58.0,0.6264055555555555,40%,Vaccine Efficacy 100%,Without Screening
418,59.0,0.6360638888888889,40%,Vaccine Efficacy 100%,Without Screening
419,60.0,0.6462506944444445,40%,Vaccine Efficacy 100%,Without Screening
420,1.0,0.0,70%,Vaccine Efficacy 100%,Without Screening
421,2.0,0.00039027777777770706,70%,Vaccine Efficacy 100%,Without Screening
422,3.0,0.0011416666666666704,70%,Vaccine Efficacy 100%,Without Screening
423,4.0,0.002059722222222307,70%,Vaccine Efficacy 100%,Without Screening
424,5.0,0.003284722222222314,70%,Vaccine Efficacy 100%,Without Screening
425,6.0,0.0045930555555556574,70%,Vaccine Efficacy 100%,Without Screening
426,7.0,0.005762499999999843,70%,Vaccine Efficacy 100%,Without Screening
427,8.0,0.007208333333333212,70%,Vaccine Efficacy 100%,Without Screening
428,9.0,0.008823611111111122,70%,Vaccine Efficacy 100%,Without Screening
429,10.0,0.011104166666666792,70%,Vaccine Efficacy 100%,Without Screening
430,11.0,0.01361111111111097,70%,Vaccine Efficacy 100%,Without Screening
431,12.0,0.016616666666666627,70%,Vaccine Efficacy 100%,Without Screening
432,13.0,0.019956944444444364,70%,Vaccine Efficacy 100%,Without Screening
433,14.0,0.022433333333333354,70%,Vaccine Efficacy 100%,Without Screening
434,15.0,0.024131944444444404,70%,Vaccine Efficacy 100%,Without Screening
435,16.0,0.027193055555555488,70%,Vaccine Efficacy 100%,Without Screening
436,17.0,0.030505555555555515,70%,Vaccine Efficacy 100%,Without Screening
437,18.0,0.035237499999999936,70%,Vaccine Efficacy 100%,Without Screening
438,19.0,0.03991388888888873,70%,Vaccine Efficacy 100%,Without Screening
439,20.0,0.044838888888889,70%,Vaccine Efficacy 100%,Without Screening
440,21.0,0.049043055555555486,70%,Vaccine Efficacy 100%,Without Screening
441,22.0,0.05218749999999991,70%,Vaccine Efficacy 100%,Without Screening
442,23.0,0.05619583333333327,70%,Vaccine Efficacy 100%,Without Screening
443,24.0,0.06103888888888894,70%,Vaccine Efficacy 100%,Without Screening
444,25.0,0.06627222222222191,70%,Vaccine Efficacy 100%,Without Screening
445,26.0,0.07142083333333342,70%,Vaccine Efficacy 100%,Without Screening
446,27.0,0.07757222222222243,70%,Vaccine Efficacy 100%,Without Screening
447,28.0,0.08174583333333334,70%,Vaccine Efficacy 100%,Without Screening
448,29.0,0.08511527777777772,70%,Vaccine Efficacy 100%,Without Screening
449,30.0,0.08984583333333321,70%,Vaccine Efficacy 100%,Without Screening
450,31.0,0.09477222222222241,70%,Vaccine Efficacy 100%,Without Screening
451,32.0,0.10044999999999998,70%,Vaccine Efficacy 100%,Without Screening
452,33.0,0.1062666666666667,70%,Vaccine Efficacy 100%,Without Screening
453,34.0,0.11266944444444436,70%,Vaccine Efficacy 100%,Without Screening
454,35.0,0.11720555555555547,70%,Vaccine Efficacy 100%,Without Screening
455,36.0,0.12118611111111112,70%,Vaccine Efficacy 100%,Without Screening
456,37.0,0.12594583333333326,70%,Vaccine Efficacy 100%,Without Screening
457,38.0,0.1312902777777777,70%,Vaccine Efficacy 100%,Without Screening
458,39.0,0.1366624999999999,70%,Vaccine Efficacy 100%,Without Screening
459,40.0,0.14231249999999987,70%,Vaccine Efficacy 100%,Without Screening
460,41.0,0.14846249999999994,70%,Vaccine Efficacy 100%,Without Screening
461,42.0,0.15380694444444445,70%,Vaccine Efficacy 100%,Without Screening
462,43.0,0.15723194444444438,70%,Vaccine Efficacy 100%,Without Screening
463,44.0,0.16159999999999997,70%,Vaccine Efficacy 100%,Without Screening
464,45.0,0.16666666666666666,70%,Vaccine Efficacy 100%,Without Screening
465,46.0,0.17220416666666663,70%,Vaccine Efficacy 100%,Without Screening
466,47.0,0.17743611111111107,70%,Vaccine Efficacy 100%,Without Screening
467,48.0,0.18339444444444453,70%,Vaccine Efficacy 100%,Without Screening
468,49.0,0.1872625,70%,Vaccine Efficacy 100%,Without Screening
469,50.0,0.19065833333333337,70%,Vaccine Efficacy 100%,Without Screening
470,51.0,0.1949458333333333,70%,Vaccine Efficacy 100%,Without Screening
471,52.0,0.19909305555555554,70%,Vaccine Efficacy 100%,Without Screening
472,53.0,0.20438194444444452,70%,Vaccine Efficacy 100%,Without Screening
473,54.0,0.2099472222222222,70%,Vaccine Efficacy 100%,Without Screening
474,55.0,0.21615416666666676,70%,Vaccine Efficacy 100%,Without Screening
475,56.0,0.2198847222222223,70%,Vaccine Efficacy 100%,Without Screening
476,57.0,0.22289027777777765,70%,Vaccine Efficacy 100%,Without Screening
477,58.0,0.2268430555555556,70%,Vaccine Efficacy 100%,Without Screening
478,59.0,0.2320472222222222,70%,Vaccine Efficacy 100%,Without Screening
479,60.0,0.23711388888888893,70%,Vaccine Efficacy 100%,Without Screening
480,1.0,0.0,0%,Vaccine Efficacy 90%,D1
481,2.0,0.00046291666666675724,0%,Vaccine Efficacy 90%,D1
482,3.0,0.0015154166666666432,0%,Vaccine Efficacy 90%,D1
483,4.0,0.002988333333333415,0%,Vaccine Efficacy 90%,D1
484,5.0,0.005513333333333274,0%,Vaccine Efficacy 90%,D1
485,6.0,0.010227083333333315,0%,Vaccine Efficacy 90%,D1
486,7.0,0.013888750000000035,0%,Vaccine Efficacy 90%,D1
487,8.0,0.016287500000000083,0%,Vaccine Efficacy 90%,D1
488,9.0,0.020370416666666693,0%,Vaccine Efficacy 90%,D1
489,10.0,0.02706250000000002,0%,Vaccine Efficacy 90%,D1
490,11.0,0.03560583333333334,0%,Vaccine Efficacy 90%,D1
491,12.0,0.04667541666666655,0%,Vaccine Efficacy 90%,D1
492,13.0,0.06254208333333343,0%,Vaccine Efficacy 90%,D1
493,14.0,0.07281125000000005,0%,Vaccine Efficacy 90%,D1
494,15.0,0.08135541666666661,0%,Vaccine Efficacy 90%,D1
495,16.0,0.09036208333333337,0%,Vaccine Efficacy 90%,D1
496,17.0,0.10202000000000003,0%,Vaccine Efficacy 90%,D1
497,18.0,0.11452000000000002,0%,Vaccine Efficacy 90%,D1
498,19.0,0.13160791666666657,0%,Vaccine Efficacy 90%,D1
499,20.0,0.15075749999999993,0%,Vaccine Efficacy 90%,D1
500,21.0,0.16367833333333348,0%,Vaccine Efficacy 90%,D1
501,22.0,0.17428500000000008,0%,Vaccine Efficacy 90%,D1
502,23.0,0.18539583333333348,0%,Vaccine Efficacy 90%,D1
503,24.0,0.19877958333333332,0%,Vaccine Efficacy 90%,D1
504,25.0,0.21346833333333326,0%,Vaccine Efficacy 90%,D1
505,26.0,0.2306825000000001,0%,Vaccine Efficacy 90%,D1
506,27.0,0.2505474999999999,0%,Vaccine Efficacy 90%,D1
507,28.0,0.2632574999999999,0%,Vaccine Efficacy 90%,D1
508,29.0,0.2739483333333331,0%,Vaccine Efficacy 90%,D1
509,30.0,0.28598499999999993,0%,Vaccine Efficacy 90%,D1
510,31.0,0.2970962500000001,0%,Vaccine Efficacy 90%,D1
511,32.0,0.3106483333333333,0%,Vaccine Efficacy 90%,D1
512,33.0,0.3249583333333335,0%,Vaccine Efficacy 90%,D1
513,34.0,0.3417087500000002,0%,Vaccine Efficacy 90%,D1
514,35.0,0.3534091666666667,0%,Vaccine Efficacy 90%,D1
515,36.0,0.3614054166666668,0%,Vaccine Efficacy 90%,D1
516,37.0,0.3706229166666668,0%,Vaccine Efficacy 90%,D1
517,38.0,0.38026083333333344,0%,Vaccine Efficacy 90%,D1
518,39.0,0.3896887500000001,0%,Vaccine Efficacy 90%,D1
519,40.0,0.40181000000000017,0%,Vaccine Efficacy 90%,D1
520,41.0,0.41372083333333337,0%,Vaccine Efficacy 90%,D1
521,42.0,0.42302249999999997,0%,Vaccine Efficacy 90%,D1
522,43.0,0.42920874999999986,0%,Vaccine Efficacy 90%,D1
523,44.0,0.4363216666666665,0%,Vaccine Efficacy 90%,D1
524,45.0,0.4425504166666666,0%,Vaccine Efficacy 90%,D1
525,46.0,0.44995833333333335,0%,Vaccine Efficacy 90%,D1
526,47.0,0.4579125,0%,Vaccine Efficacy 90%,D1
527,48.0,0.4676350000000001,0%,Vaccine Efficacy 90%,D1
528,49.0,0.47390625,0%,Vaccine Efficacy 90%,D1
529,50.0,0.4786620833333334,0%,Vaccine Efficacy 90%,D1
530,51.0,0.48316541666666674,0%,Vaccine Efficacy 90%,D1
531,52.0,0.4889316666666667,0%,Vaccine Efficacy 90%,D1
532,53.0,0.4955391666666667,0%,Vaccine Efficacy 90%,D1
533,54.0,0.50298875,0%,Vaccine Efficacy 90%,D1
534,55.0,0.51161625,0%,Vaccine Efficacy 90%,D1
535,56.0,0.5175083333333333,0%,Vaccine Efficacy 90%,D1
536,57.0,0.5217591666666667,0%,Vaccine Efficacy 90%,D1
537,58.0,0.5262204166666666,0%,Vaccine Efficacy 90%,D1
538,59.0,0.5322391666666667,0%,Vaccine Efficacy 90%,D1
539,60.0,0.5385941666666666,0%,Vaccine Efficacy 90%,D1
540,1.0,0.0,10%,Vaccine Efficacy 90%,D1
541,2.0,0.0004208333333333559,10%,Vaccine Efficacy 90%,D1
542,3.0,0.001215740740740835,10%,Vaccine Efficacy 90%,D1
543,4.0,0.0021976851851852443,10%,Vaccine Efficacy 90%,D1
544,5.0,0.003974537037037133,10%,Vaccine Efficacy 90%,D1
545,6.0,0.008043518518518556,10%,Vaccine Efficacy 90%,D1
546,7.0,0.010287962962963033,10%,Vaccine Efficacy 90%,D1
547,8.0,0.012954166666666558,10%,Vaccine Efficacy 90%,D1
548,9.0,0.01674166666666663,10%,Vaccine Efficacy 90%,D1
549,10.0,0.02155833333333332,10%,Vaccine Efficacy 90%,D1
550,11.0,0.029414814814814685,10%,Vaccine Efficacy 90%,D1
551,12.0,0.0398893518518518,10%,Vaccine Efficacy 90%,D1
552,13.0,0.053030092592592705,10%,Vaccine Efficacy 90%,D1
553,14.0,0.061681018518518566,10%,Vaccine Efficacy 90%,D1
554,15.0,0.06963194444444462,10%,Vaccine Efficacy 90%,D1
555,16.0,0.0784699074074074,10%,Vaccine Efficacy 90%,D1
556,17.0,0.0890851851851852,10%,Vaccine Efficacy 90%,D1
557,18.0,0.10166481481481492,10%,Vaccine Efficacy 90%,D1
558,19.0,0.11826620370370372,10%,Vaccine Efficacy 90%,D1
559,20.0,0.13641018518518527,10%,Vaccine Efficacy 90%,D1
560,21.0,0.1496444444444445,10%,Vaccine Efficacy 90%,D1
561,22.0,0.16026018518518542,10%,Vaccine Efficacy 90%,D1
562,23.0,0.1712962962962963,10%,Vaccine Efficacy 90%,D1
563,24.0,0.182800462962963,10%,Vaccine Efficacy 90%,D1
564,25.0,0.19790509259259273,10%,Vaccine Efficacy 90%,D1
565,26.0,0.21394490740740738,10%,Vaccine Efficacy 90%,D1
566,27.0,0.23260370370370373,10%,Vaccine Efficacy 90%,D1
567,28.0,0.24504351851851858,10%,Vaccine Efficacy 90%,D1
568,29.0,0.2536944444444447,10%,Vaccine Efficacy 90%,D1
569,30.0,0.2640291666666667,10%,Vaccine Efficacy 90%,D1
570,31.0,0.2745976851851853,10%,Vaccine Efficacy 90%,D1
571,32.0,0.28741157407407414,10%,Vaccine Efficacy 90%,D1
572,33.0,0.2989624999999998,10%,Vaccine Efficacy 90%,D1
573,34.0,0.31266342592592583,10%,Vaccine Efficacy 90%,D1
574,35.0,0.32220324074074075,10%,Vaccine Efficacy 90%,D1
575,36.0,0.3294523148148148,10%,Vaccine Efficacy 90%,D1
576,37.0,0.33749583333333333,10%,Vaccine Efficacy 90%,D1
577,38.0,0.345725925925926,10%,Vaccine Efficacy 90%,D1
578,39.0,0.3562481481481483,10%,Vaccine Efficacy 90%,D1
579,40.0,0.3662083333333332,10%,Vaccine Efficacy 90%,D1
580,41.0,0.3772916666666667,10%,Vaccine Efficacy 90%,D1
581,42.0,0.38580231481481486,10%,Vaccine Efficacy 90%,D1
582,43.0,0.39141435185185186,10%,Vaccine Efficacy 90%,D1
583,44.0,0.39838240740740744,10%,Vaccine Efficacy 90%,D1
584,45.0,0.4059578703703703,10%,Vaccine Efficacy 90%,D1
585,46.0,0.4147023148148148,10%,Vaccine Efficacy 90%,D1
586,47.0,0.4243828703703704,10%,Vaccine Efficacy 90%,D1
587,48.0,0.43555925925925926,10%,Vaccine Efficacy 90%,D1
588,49.0,0.4432754629629629,10%,Vaccine Efficacy 90%,D1
589,50.0,0.4484194444444444,10%,Vaccine Efficacy 90%,D1
590,51.0,0.45393749999999994,10%,Vaccine Efficacy 90%,D1
591,52.0,0.46090509259259266,10%,Vaccine Efficacy 90%,D1
592,53.0,0.4672185185185185,10%,Vaccine Efficacy 90%,D1
593,54.0,0.47456064814814813,10%,Vaccine Efficacy 90%,D1
594,55.0,0.4823231481481482,10%,Vaccine Efficacy 90%,D1
595,56.0,0.4876074074074075,10%,Vaccine Efficacy 90%,D1
596,57.0,0.49200370370370367,10%,Vaccine Efficacy 90%,D1
597,58.0,0.4970541666666667,10%,Vaccine Efficacy 90%,D1
598,59.0,0.5026657407407407,10%,Vaccine Efficacy 90%,D1
599,60.0,0.5084638888888888,10%,Vaccine Efficacy 90%,D1
600,1.0,0.0,40%,Vaccine Efficacy 90%,D1
601,2.0,0.00014027777777789494,40%,Vaccine Efficacy 90%,D1
602,3.0,0.0007020833333333501,40%,Vaccine Efficacy 90%,D1
603,4.0,0.0017534722222222064,40%,Vaccine Efficacy 90%,D1
604,5.0,0.002525000000000135,40%,Vaccine Efficacy 90%,D1
605,6.0,0.004209027777777763,40%,Vaccine Efficacy 90%,D1
606,7.0,0.006172916666666713,40%,Vaccine Efficacy 90%,D1
607,8.0,0.007786111111111025,40%,Vaccine Efficacy 90%,D1
608,9.0,0.01045138888888866,40%,Vaccine Efficacy 90%,D1
609,10.0,0.014449999999999876,40%,Vaccine Efficacy 90%,D1
610,11.0,0.01929027777777787,40%,Vaccine Efficacy 90%,D1
611,12.0,0.025884027777777676,40%,Vaccine Efficacy 90%,D1
612,13.0,0.03423125000000008,40%,Vaccine Efficacy 90%,D1
613,14.0,0.040475000000000115,40%,Vaccine Efficacy 90%,D1
614,15.0,0.045454861111111335,40%,Vaccine Efficacy 90%,D1
615,16.0,0.0518381944444444,40%,Vaccine Efficacy 90%,D1
616,17.0,0.05885277777777769,40%,Vaccine Efficacy 90%,D1
617,18.0,0.06797152777777783,40%,Vaccine Efficacy 90%,D1
618,19.0,0.07849375,40%,Vaccine Efficacy 90%,D1
619,20.0,0.08985694444444449,40%,Vaccine Efficacy 90%,D1
620,21.0,0.09953680555555541,40%,Vaccine Efficacy 90%,D1
621,22.0,0.10535902777777768,40%,Vaccine Efficacy 90%,D1
622,23.0,0.11314513888888891,40%,Vaccine Efficacy 90%,D1
623,24.0,0.12086111111111118,40%,Vaccine Efficacy 90%,D1
624,25.0,0.1298402777777777,40%,Vaccine Efficacy 90%,D1
625,26.0,0.14064305555555556,40%,Vaccine Efficacy 90%,D1
626,27.0,0.1528486111111112,40%,Vaccine Efficacy 90%,D1
627,28.0,0.1629493055555555,40%,Vaccine Efficacy 90%,D1
628,29.0,0.16856111111111113,40%,Vaccine Efficacy 90%,D1
629,30.0,0.17620625,40%,Vaccine Efficacy 90%,D1
630,31.0,0.184904861111111,40%,Vaccine Efficacy 90%,D1
631,32.0,0.19472430555555548,40%,Vaccine Efficacy 90%,D1
632,33.0,0.20545763888888885,40%,Vaccine Efficacy 90%,D1
633,34.0,0.21654097222222232,40%,Vaccine Efficacy 90%,D1
634,35.0,0.22432638888888887,40%,Vaccine Efficacy 90%,D1
635,36.0,0.23134097222222216,40%,Vaccine Efficacy 90%,D1
636,37.0,0.23660138888888887,40%,Vaccine Efficacy 90%,D1
637,38.0,0.24382708333333347,40%,Vaccine Efficacy 90%,D1
638,39.0,0.2526652777777779,40%,Vaccine Efficacy 90%,D1
639,40.0,0.26108333333333333,40%,Vaccine Efficacy 90%,D1
640,41.0,0.2702020833333333,40%,Vaccine Efficacy 90%,D1
641,42.0,0.27700624999999995,40%,Vaccine Efficacy 90%,D1
642,43.0,0.28254722222222217,40%,Vaccine Efficacy 90%,D1
643,44.0,0.2878784722222222,40%,Vaccine Efficacy 90%,D1
644,45.0,0.29398124999999986,40%,Vaccine Efficacy 90%,D1
645,46.0,0.3019784722222223,40%,Vaccine Efficacy 90%,D1
646,47.0,0.31081666666666674,40%,Vaccine Efficacy 90%,D1
647,48.0,0.31888333333333335,40%,Vaccine Efficacy 90%,D1
648,49.0,0.32505625000000005,40%,Vaccine Efficacy 90%,D1
649,50.0,0.3300361111111112,40%,Vaccine Efficacy 90%,D1
650,51.0,0.3348763888888889,40%,Vaccine Efficacy 90%,D1
651,52.0,0.34041875000000005,40%,Vaccine Efficacy 90%,D1
652,53.0,0.3479243055555556,40%,Vaccine Efficacy 90%,D1
653,54.0,0.35444791666666675,40%,Vaccine Efficacy 90%,D1
654,55.0,0.36356666666666676,40%,Vaccine Efficacy 90%,D1
655,56.0,0.3691784722222223,40%,Vaccine Efficacy 90%,D1
656,57.0,0.3733159722222223,40%,Vaccine Efficacy 90%,D1
657,58.0,0.3788583333333334,40%,Vaccine Efficacy 90%,D1
658,59.0,0.38383819444444456,40%,Vaccine Efficacy 90%,D1
659,60.0,0.389379861111111,40%,Vaccine Efficacy 90%,D1
660,1.0,0.0,70%,Vaccine Efficacy 90%,D1
661,2.0,0.0002805555555555925,70%,Vaccine Efficacy 90%,D1
662,3.0,0.0009819444444444751,70%,Vaccine Efficacy 90%,D1
663,4.0,0.0019638888888889503,70%,Vaccine Efficacy 90%,D1
664,5.0,0.002806944444444465,70%,Vaccine Efficacy 90%,D1
665,6.0,0.004349999999999928,70%,Vaccine Efficacy 90%,D1
666,7.0,0.005472222222222101,70%,Vaccine Efficacy 90%,D1
667,8.0,0.007015277777777761,70%,Vaccine Efficacy 90%,D1
668,9.0,0.008137499999999933,70%,Vaccine Efficacy 90%,D1
669,10.0,0.009538888888888961,70%,Vaccine Efficacy 90%,D1
670,11.0,0.012065277777777637,70%,Vaccine Efficacy 90%,D1
671,12.0,0.01430972222222198,70%,Vaccine Efficacy 90%,D1
672,13.0,0.01767777777777783,70%,Vaccine Efficacy 90%,D1
673,14.0,0.01964166666666678,70%,Vaccine Efficacy 90%,D1
674,15.0,0.02062361111111086,70%,Vaccine Efficacy 90%,D1
675,16.0,0.022866666666666664,70%,Vaccine Efficacy 90%,D1
676,17.0,0.02567222222222239,70%,Vaccine Efficacy 90%,D1
677,18.0,0.028758333333333316,70%,Vaccine Efficacy 90%,D1
678,19.0,0.031425000000000085,70%,Vaccine Efficacy 90%,D1
679,20.0,0.03521250000000009,70%,Vaccine Efficacy 90%,D1
680,21.0,0.03731666666666674,70%,Vaccine Efficacy 90%,D1
681,22.0,0.040262499999999965,70%,Vaccine Efficacy 90%,D1
682,23.0,0.04320972222222233,70%,Vaccine Efficacy 90%,D1
683,24.0,0.04741805555555562,70%,Vaccine Efficacy 90%,D1
684,25.0,0.051066666666666864,70%,Vaccine Efficacy 90%,D1
685,26.0,0.054854166666666676,70%,Vaccine Efficacy 90%,D1
686,27.0,0.05920277777777786,70%,Vaccine Efficacy 90%,D1
687,28.0,0.06327083333333346,70%,Vaccine Efficacy 90%,D1
688,29.0,0.06565694444444424,70%,Vaccine Efficacy 90%,D1
689,30.0,0.06790138888888898,70%,Vaccine Efficacy 90%,D1
690,31.0,0.07309166666666655,70%,Vaccine Efficacy 90%,D1
691,32.0,0.0766000000000001,70%,Vaccine Efficacy 90%,D1
692,33.0,0.07968611111111122,70%,Vaccine Efficacy 90%,D1
693,34.0,0.0844555555555555,70%,Vaccine Efficacy 90%,D1
694,35.0,0.08782222222222222,70%,Vaccine Efficacy 90%,D1
695,36.0,0.09119027777777787,70%,Vaccine Efficacy 90%,D1
696,37.0,0.0939958333333334,70%,Vaccine Efficacy 90%,D1
697,38.0,0.09750277777777781,70%,Vaccine Efficacy 90%,D1
698,39.0,0.10087083333333347,70%,Vaccine Efficacy 90%,D1
699,40.0,0.1035361111111111,70%,Vaccine Efficacy 90%,D1
700,41.0,0.10788472222222249,70%,Vaccine Efficacy 90%,D1
701,42.0,0.11069027777777782,70%,Vaccine Efficacy 90%,D1
702,43.0,0.11391666666666664,70%,Vaccine Efficacy 90%,D1
703,44.0,0.11728333333333335,70%,Vaccine Efficacy 90%,D1
704,45.0,0.12051111111111111,70%,Vaccine Efficacy 90%,D1
705,46.0,0.12359722222222214,70%,Vaccine Efficacy 90%,D1
706,47.0,0.12836805555555555,70%,Vaccine Efficacy 90%,D1
707,48.0,0.13243611111111114,70%,Vaccine Efficacy 90%,D1
708,49.0,0.13608333333333336,70%,Vaccine Efficacy 90%,D1
709,50.0,0.13973055555555547,70%,Vaccine Efficacy 90%,D1
710,51.0,0.1423958333333332,70%,Vaccine Efficacy 90%,D1
711,52.0,0.14520277777777776,70%,Vaccine Efficacy 90%,D1
712,53.0,0.1485694444444444,70%,Vaccine Efficacy 90%,D1
713,54.0,0.15249722222222228,70%,Vaccine Efficacy 90%,D1
714,55.0,0.15740694444444447,70%,Vaccine Efficacy 90%,D1
715,56.0,0.1599319444444445,70%,Vaccine Efficacy 90%,D1
716,57.0,0.1616166666666668,70%,Vaccine Efficacy 90%,D1
717,58.0,0.16414166666666674,70%,Vaccine Efficacy 90%,D1
718,59.0,0.16694722222222236,70%,Vaccine Efficacy 90%,D1
719,60.0,0.17017500000000002,70%,Vaccine Efficacy 90%,D1
720,1.0,0.0,0%,Vaccine Efficacy 90%,Without Screening
721,2.0,0.0001683333333333555,0%,Vaccine Efficacy 90%,Without Screening
722,3.0,0.0008416666666666591,0%,Vaccine Efficacy 90%,Without Screening
723,4.0,0.0017674999999999367,0%,Vaccine Efficacy 90%,Without Screening
724,5.0,0.0042087499999999755,0%,Vaccine Efficacy 90%,Without Screening
725,6.0,0.0074075000000000555,0%,Vaccine Efficacy 90%,Without Screening
726,7.0,0.010605833333333337,0%,Vaccine Efficacy 90%,Without Screening
727,8.0,0.013131250000000113,0%,Vaccine Efficacy 90%,Without Screening
728,9.0,0.018771249999999996,0%,Vaccine Efficacy 90%,Without Screening
729,10.0,0.025715416666666612,0%,Vaccine Efficacy 90%,Without Screening
730,11.0,0.03661624999999991,0%,Vaccine Efficacy 90%,Without Screening
731,12.0,0.04920041666666665,0%,Vaccine Efficacy 90%,Without Screening
732,13.0,0.06397291666666666,0%,Vaccine Efficacy 90%,Without Screening
733,14.0,0.07563125,0%,Vaccine Efficacy 90%,Without Screening
734,15.0,0.08430124999999992,0%,Vaccine Efficacy 90%,Without Screening
735,16.0,0.09877916666666664,0%,Vaccine Efficacy 90%,Without Screening
736,17.0,0.11717166666666662,0%,Vaccine Efficacy 90%,Without Screening
737,18.0,0.1398991666666666,0%,Vaccine Efficacy 90%,Without Screening
738,19.0,0.16624583333333323,0%,Vaccine Efficacy 90%,Without Screening
739,20.0,0.19856916666666655,0%,Vaccine Efficacy 90%,Without Screening
740,21.0,0.2200337500000001,0%,Vaccine Efficacy 90%,Without Screening
741,22.0,0.23564833333333332,0%,Vaccine Efficacy 90%,Without Screening
742,23.0,0.2608166666666667,0%,Vaccine Efficacy 90%,Without Screening
743,24.0,0.2906983333333335,0%,Vaccine Efficacy 90%,Without Screening
744,25.0,0.3240320833333333,0%,Vaccine Efficacy 90%,Without Screening
745,26.0,0.35866999999999993,0%,Vaccine Efficacy 90%,Without Screening
746,27.0,0.3970116666666667,0%,Vaccine Efficacy 90%,Without Screening
747,28.0,0.42335875,0%,Vaccine Efficacy 90%,Without Screening
748,29.0,0.44431833333333337,0%,Vaccine Efficacy 90%,Without Screening
749,30.0,0.4726012500000001,0%,Vaccine Efficacy 90%,Without Screening
750,31.0,0.5063970833333333,0%,Vaccine Efficacy 90%,Without Screening
751,32.0,0.5387208333333332,0%,Vaccine Efficacy 90%,Without Screening
752,33.0,0.5720116666666666,0%,Vaccine Efficacy 90%,Without Screening
753,34.0,0.6054291666666667,0%,Vaccine Efficacy 90%,Without Screening
754,35.0,0.6299662500000001,0%,Vaccine Efficacy 90%,Without Screening
755,36.0,0.6479379166666667,0%,Vaccine Efficacy 90%,Without Screening
756,37.0,0.6688979166666668,0%,Vaccine Efficacy 90%,Without Screening
757,38.0,0.6906141666666666,0%,Vaccine Efficacy 90%,Without Screening
758,39.0,0.71064875,0%,Vaccine Efficacy 90%,Without Screening
759,40.0,0.7308920833333334,0%,Vaccine Efficacy 90%,Without Screening
760,41.0,0.7498316666666667,0%,Vaccine Efficacy 90%,Without Screening
761,42.0,0.7627104166666666,0%,Vaccine Efficacy 90%,Without Screening
762,43.0,0.7730633333333333,0%,Vaccine Efficacy 90%,Without Screening
763,44.0,0.78535375,0%,Vaccine Efficacy 90%,Without Screening
764,45.0,0.7973908333333333,0%,Vaccine Efficacy 90%,Without Screening
765,46.0,0.80968,0%,Vaccine Efficacy 90%,Without Screening
766,47.0,0.8195287499999999,0%,Vaccine Efficacy 90%,Without Screening
767,48.0,0.8308083333333334,0%,Vaccine Efficacy 90%,Without Screening
768,49.0,0.8384679166666668,0%,Vaccine Efficacy 90%,Without Screening
769,50.0,0.84322375,0%,Vaccine Efficacy 90%,Without Screening
770,51.0,0.8499995833333334,0%,Vaccine Efficacy 90%,Without Screening
771,52.0,0.8571966666666667,0%,Vaccine Efficacy 90%,Without Screening
772,53.0,0.8637204166666667,0%,Vaccine Efficacy 90%,Without Screening
773,54.0,0.869655,0%,Vaccine Efficacy 90%,Without Screening
774,55.0,0.8760945833333333,0%,Vaccine Efficacy 90%,Without Screening
775,56.0,0.8797558333333334,0%,Vaccine Efficacy 90%,Without Screening
776,57.0,0.8829129166666667,0%,Vaccine Efficacy 90%,Without Screening
777,58.0,0.8872054166666667,0%,Vaccine Efficacy 90%,Without Screening
778,59.0,0.89133,0%,Vaccine Efficacy 90%,Without Screening
779,60.0,0.8951179166666667,0%,Vaccine Efficacy 90%,Without Screening
780,1.0,0.0,10%,Vaccine Efficacy 90%,Without Screening
781,2.0,0.0002337962962962942,10%,Vaccine Efficacy 90%,Without Screening
782,3.0,0.0010287037037036418,10%,Vaccine Efficacy 90%,Without Screening
783,4.0,0.0022912037037037094,10%,Vaccine Efficacy 90%,Without Screening
784,5.0,0.004349074074074103,10%,Vaccine Efficacy 90%,Without Screening
785,6.0,0.007996759259259191,10%,Vaccine Efficacy 90%,Without Screening
786,7.0,0.011317129629629653,10%,Vaccine Efficacy 90%,Without Screening
787,8.0,0.013140740740740906,10%,Vaccine Efficacy 90%,Without Screening
788,9.0,0.017489814814814746,10%,Vaccine Efficacy 90%,Without Screening
789,10.0,0.02417685185185179,10%,Vaccine Efficacy 90%,Without Screening
790,11.0,0.03245416666666677,10%,Vaccine Efficacy 90%,Without Screening
791,12.0,0.04433240740740735,10%,Vaccine Efficacy 90%,Without Screening
792,13.0,0.05859537037037049,10%,Vaccine Efficacy 90%,Without Screening
793,14.0,0.06911712962962956,10%,Vaccine Efficacy 90%,Without Screening
794,15.0,0.07804953703703703,10%,Vaccine Efficacy 90%,Without Screening
795,16.0,0.09231203703703707,10%,Vaccine Efficacy 90%,Without Screening
796,17.0,0.11153194444444434,10%,Vaccine Efficacy 90%,Without Screening
797,18.0,0.13486759259259265,10%,Vaccine Efficacy 90%,Without Screening
798,19.0,0.16077453703703723,10%,Vaccine Efficacy 90%,Without Screening
799,20.0,0.18859861111111112,10%,Vaccine Efficacy 90%,Without Screening
800,21.0,0.2102032407407407,10%,Vaccine Efficacy 90%,Without Screening
801,22.0,0.22554259259259254,10%,Vaccine Efficacy 90%,Without Screening
802,23.0,0.2468666666666666,10%,Vaccine Efficacy 90%,Without Screening
803,24.0,0.27300787037037044,10%,Vaccine Efficacy 90%,Without Screening
804,25.0,0.3019546296296297,10%,Vaccine Efficacy 90%,Without Screening
805,26.0,0.333473611111111,10%,Vaccine Efficacy 90%,Without Screening
806,27.0,0.3638231481481482,10%,Vaccine Efficacy 90%,Without Screening
807,28.0,0.3844467592592593,10%,Vaccine Efficacy 90%,Without Screening
808,29.0,0.399224074074074,10%,Vaccine Efficacy 90%,Without Screening
809,30.0,0.4219046296296296,10%,Vaccine Efficacy 90%,Without Screening
810,31.0,0.4486532407407407,10%,Vaccine Efficacy 90%,Without Screening
811,32.0,0.4749347222222222,10%,Vaccine Efficacy 90%,Without Screening
812,33.0,0.5054712962962962,10%,Vaccine Efficacy 90%,Without Screening
813,34.0,0.5323134259259259,10%,Vaccine Efficacy 90%,Without Screening
814,35.0,0.5521421296296297,10%,Vaccine Efficacy 90%,Without Screening
815,36.0,0.567386574074074,10%,Vaccine Efficacy 90%,Without Screening
816,37.0,0.5863259259259259,10%,Vaccine Efficacy 90%,Without Screening
817,38.0,0.6067152777777778,10%,Vaccine Efficacy 90%,Without Screening
818,39.0,0.6294893518518518,10%,Vaccine Efficacy 90%,Without Screening
819,40.0,0.6509074074074074,10%,Vaccine Efficacy 90%,Without Screening
820,41.0,0.672325462962963,10%,Vaccine Efficacy 90%,Without Screening
821,42.0,0.6872430555555555,10%,Vaccine Efficacy 90%,Without Screening
822,43.0,0.6988865740740741,10%,Vaccine Efficacy 90%,Without Screening
823,44.0,0.7124486111111111,10%,Vaccine Efficacy 90%,Without Screening
824,45.0,0.7271328703703703,10%,Vaccine Efficacy 90%,Without Screening
825,46.0,0.7421439814814815,10%,Vaccine Efficacy 90%,Without Screening
826,47.0,0.7554250000000001,10%,Vaccine Efficacy 90%,Without Screening
827,48.0,0.7685657407407407,10%,Vaccine Efficacy 90%,Without Screening
828,49.0,0.7790407407407408,10%,Vaccine Efficacy 90%,Without Screening
829,50.0,0.7859615740740741,10%,Vaccine Efficacy 90%,Without Screening
830,51.0,0.7941916666666666,10%,Vaccine Efficacy 90%,Without Screening
831,52.0,0.8033578703703704,10%,Vaccine Efficacy 90%,Without Screening
832,53.0,0.8122893518518518,10%,Vaccine Efficacy 90%,Without Screening
833,54.0,0.8224370370370371,10%,Vaccine Efficacy 90%,Without Screening
834,55.0,0.8314162037037037,10%,Vaccine Efficacy 90%,Without Screening
835,56.0,0.8380097222222221,10%,Vaccine Efficacy 90%,Without Screening
836,57.0,0.8417504629629631,10%,Vaccine Efficacy 90%,Without Screening
837,58.0,0.8477833333333332,10%,Vaccine Efficacy 90%,Without Screening
838,59.0,0.8538625000000001,10%,Vaccine Efficacy 90%,Without Screening
839,60.0,0.8598486111111112,10%,Vaccine Efficacy 90%,Without Screening
840,1.0,0.0,40%,Vaccine Efficacy 90%,Without Screening
841,2.0,0.0003506944444444413,40%,Vaccine Efficacy 90%,Without Screening
842,3.0,0.0009819444444444751,40%,Vaccine Efficacy 90%,Without Screening
843,4.0,0.0021743055555554966,40%,Vaccine Efficacy 90%,Without Screening
844,5.0,0.004068750000000065,40%,Vaccine Efficacy 90%,Without Screening
845,6.0,0.006874305555555595,40%,Vaccine Efficacy 90%,Without Screening
846,7.0,0.009118749999999941,40%,Vaccine Efficacy 90%,Without Screening
847,8.0,0.010802083333333299,40%,Vaccine Efficacy 90%,Without Screening
848,9.0,0.014170138888888949,40%,Vaccine Efficacy 90%,Without Screening
849,10.0,0.017957638888888953,40%,Vaccine Efficacy 90%,Without Screening
850,11.0,0.023218055555555575,40%,Vaccine Efficacy 90%,Without Screening
851,12.0,0.03079375000000005,40%,Vaccine Efficacy 90%,Without Screening
852,13.0,0.04033402777777775,40%,Vaccine Efficacy 90%,Without Screening
853,14.0,0.046086111111110974,40%,Vaccine Efficacy 90%,Without Screening
854,15.0,0.050645833333333376,40%,Vaccine Efficacy 90%,Without Screening
855,16.0,0.05899305555555539,40%,Vaccine Efficacy 90%,Without Screening
856,17.0,0.0693743055555556,40%,Vaccine Efficacy 90%,Without Screening
857,18.0,0.0806680555555555,40%,Vaccine Efficacy 90%,Without Screening
858,19.0,0.09420624999999995,40%,Vaccine Efficacy 90%,Without Screening
859,20.0,0.1076041666666667,40%,Vaccine Efficacy 90%,Without Screening
860,21.0,0.1188979166666667,40%,Vaccine Efficacy 90%,Without Screening
861,22.0,0.12612222222222216,40%,Vaccine Efficacy 90%,Without Screening
862,23.0,0.13909930555555552,40%,Vaccine Efficacy 90%,Without Screening
863,24.0,0.15516319444444437,40%,Vaccine Efficacy 90%,Without Screening
864,25.0,0.17290902777777775,40%,Vaccine Efficacy 90%,Without Screening
865,26.0,0.1923402777777778,40%,Vaccine Efficacy 90%,Without Screening
866,27.0,0.2113493055555555,40%,Vaccine Efficacy 90%,Without Screening
867,28.0,0.2256590277777777,40%,Vaccine Efficacy 90%,Without Screening
868,29.0,0.23772430555555563,40%,Vaccine Efficacy 90%,Without Screening
869,30.0,0.25273541666666666,40%,Vaccine Efficacy 90%,Without Screening
870,31.0,0.26788680555555566,40%,Vaccine Efficacy 90%,Without Screening
871,32.0,0.2870368055555556,40%,Vaccine Efficacy 90%,Without Screening
872,33.0,0.30583611111111114,40%,Vaccine Efficacy 90%,Without Screening
873,34.0,0.32512569444444445,40%,Vaccine Efficacy 90%,Without Screening
874,35.0,0.33978611111111107,40%,Vaccine Efficacy 90%,Without Screening
875,36.0,0.3490458333333333,40%,Vaccine Efficacy 90%,Without Screening
876,37.0,0.3615312499999999,40%,Vaccine Efficacy 90%,Without Screening
877,38.0,0.37745555555555554,40%,Vaccine Efficacy 90%,Without Screening
878,39.0,0.39499166666666663,40%,Vaccine Efficacy 90%,Without Screening
879,40.0,0.4111951388888889,40%,Vaccine Efficacy 90%,Without Screening
880,41.0,0.4303451388888888,40%,Vaccine Efficacy 90%,Without Screening
881,42.0,0.4452861111111111,40%,Vaccine Efficacy 90%,Without Screening
882,43.0,0.4570715277777778,40%,Vaccine Efficacy 90%,Without Screening
883,44.0,0.4714506944444444,40%,Vaccine Efficacy 90%,Without Screening
884,45.0,0.48891666666666667,40%,Vaccine Efficacy 90%,Without Screening
885,46.0,0.5057520833333333,40%,Vaccine Efficacy 90%,Without Screening
886,47.0,0.5239895833333333,40%,Vaccine Efficacy 90%,Without Screening
887,48.0,0.5432097222222222,40%,Vaccine Efficacy 90%,Without Screening
888,49.0,0.5552041666666667,40%,Vaccine Efficacy 90%,Without Screening
889,50.0,0.5649555555555555,40%,Vaccine Efficacy 90%,Without Screening
890,51.0,0.5752659722222222,40%,Vaccine Efficacy 90%,Without Screening
891,52.0,0.5888048611111112,40%,Vaccine Efficacy 90%,Without Screening
892,53.0,0.6022729166666667,40%,Vaccine Efficacy 90%,Without Screening
893,54.0,0.6163722222222222,40%,Vaccine Efficacy 90%,Without Screening
894,55.0,0.6295590277777777,40%,Vaccine Efficacy 90%,Without Screening
895,56.0,0.6389590277777777,40%,Vaccine Efficacy 90%,Without Screening
896,57.0,0.6470958333333333,40%,Vaccine Efficacy 90%,Without Screening
897,58.0,0.6562847222222222,40%,Vaccine Efficacy 90%,Without Screening
898,59.0,0.6661055555555556,40%,Vaccine Efficacy 90%,Without Screening
899,60.0,0.67585625,40%,Vaccine Efficacy 90%,Without Screening
900,1.0,0.0,70%,Vaccine Efficacy 90%,Without Screening
901,2.0,0.0002805555555555925,70%,Vaccine Efficacy 90%,Without Screening
902,3.0,0.0008416666666667775,70%,Vaccine Efficacy 90%,Without Screening
903,4.0,0.002104166666666648,70%,Vaccine Efficacy 90%,Without Screening
904,5.0,0.0030875000000000576,70%,Vaccine Efficacy 90%,Without Screening
905,6.0,0.004770833333333218,70%,Vaccine Efficacy 90%,Without Screening
906,7.0,0.006173611111110983,70%,Vaccine Efficacy 90%,Without Screening
907,8.0,0.007715277777777906,70%,Vaccine Efficacy 90%,Without Screening
908,9.0,0.00981944444444475,70%,Vaccine Efficacy 90%,Without Screening
909,10.0,0.011504166666666846,70%,Vaccine Efficacy 90%,Without Screening
910,11.0,0.014449999999999876,70%,Vaccine Efficacy 90%,Without Screening
911,12.0,0.017956944444444487,70%,Vaccine Efficacy 90%,Without Screening
912,13.0,0.022726388888888966,70%,Vaccine Efficacy 90%,Without Screening
913,14.0,0.02609444444444442,70%,Vaccine Efficacy 90%,Without Screening
914,15.0,0.02791805555555567,70%,Vaccine Efficacy 90%,Without Screening
915,16.0,0.0321277777777779,70%,Vaccine Efficacy 90%,Without Screening
916,17.0,0.03591527777777771,70%,Vaccine Efficacy 90%,Without Screening
917,18.0,0.04082499999999989,70%,Vaccine Efficacy 90%,Without Screening
918,19.0,0.0457361111111112,70%,Vaccine Efficacy 90%,Without Screening
919,20.0,0.050645833333333376,70%,Vaccine Efficacy 90%,Without Screening
920,21.0,0.054854166666666676,70%,Vaccine Efficacy 90%,Without Screening
921,22.0,0.05794166666666673,70%,Vaccine Efficacy 90%,Without Screening
922,23.0,0.06200972222222233,70%,Vaccine Efficacy 90%,Without Screening
923,24.0,0.06565694444444464,70%,Vaccine Efficacy 90%,Without Screening
924,25.0,0.07028750000000016,70%,Vaccine Efficacy 90%,Without Screening
925,26.0,0.07716111111111108,70%,Vaccine Efficacy 90%,Without Screening
926,27.0,0.08291388888888879,70%,Vaccine Efficacy 90%,Without Screening
927,28.0,0.08754305555555536,70%,Vaccine Efficacy 90%,Without Screening
928,29.0,0.09034861111111109,70%,Vaccine Efficacy 90%,Without Screening
929,30.0,0.09581944444444446,70%,Vaccine Efficacy 90%,Without Screening
930,31.0,0.10171111111111111,70%,Vaccine Efficacy 90%,Without Screening
931,32.0,0.10900694444444446,70%,Vaccine Efficacy 90%,Without Screening
932,33.0,0.11630277777777771,70%,Vaccine Efficacy 90%,Without Screening
933,34.0,0.1265444444444444,70%,Vaccine Efficacy 90%,Without Screening
934,35.0,0.1306125,70%,Vaccine Efficacy 90%,Without Screening
935,36.0,0.13397916666666662,70%,Vaccine Efficacy 90%,Without Screening
936,37.0,0.14001249999999998,70%,Vaccine Efficacy 90%,Without Screening
937,38.0,0.14464027777777774,70%,Vaccine Efficacy 90%,Without Screening
938,39.0,0.14983194444444436,70%,Vaccine Efficacy 90%,Without Screening
939,40.0,0.15796944444444438,70%,Vaccine Efficacy 90%,Without Screening
940,41.0,0.16540555555555544,70%,Vaccine Efficacy 90%,Without Screening
941,42.0,0.1714375,70%,Vaccine Efficacy 90%,Without Screening
942,43.0,0.17550555555555547,70%,Vaccine Efficacy 90%,Without Screening
943,44.0,0.18139861111111108,70%,Vaccine Efficacy 90%,Without Screening
944,45.0,0.18588750000000007,70%,Vaccine Efficacy 90%,Without Screening
945,46.0,0.1916375,70%,Vaccine Efficacy 90%,Without Screening
946,47.0,0.199775,70%,Vaccine Efficacy 90%,Without Screening
947,48.0,0.2063694444444445,70%,Vaccine Efficacy 90%,Without Screening
948,49.0,0.21113888888888896,70%,Vaccine Efficacy 90%,Without Screening
949,50.0,0.2153486111111112,70%,Vaccine Efficacy 90%,Without Screening
950,51.0,0.22081805555555561,70%,Vaccine Efficacy 90%,Without Screening
951,52.0,0.22769305555555558,70%,Vaccine Efficacy 90%,Without Screening
952,53.0,0.23400555555555563,70%,Vaccine Efficacy 90%,Without Screening
953,54.0,0.2410208333333333,70%,Vaccine Efficacy 90%,Without Screening
954,55.0,0.2462124999999999,70%,Vaccine Efficacy 90%,Without Screening
955,56.0,0.25154305555555556,70%,Vaccine Efficacy 90%,Without Screening
956,57.0,0.25575138888888893,70%,Vaccine Efficacy 90%,Without Screening
957,58.0,0.26080277777777766,70%,Vaccine Efficacy 90%,Without Screening
958,59.0,0.2673958333333333,70%,Vaccine Efficacy 90%,Without Screening
959,60.0,0.2731486111111111,70%,Vaccine Efficacy 90%,Without Screening
960,1.0,0.0,0%,Vaccine Efficacy 70%,D1
961,2.0,0.0005049999999999481,0%,Vaccine Efficacy 70%,D1
962,3.0,0.0015995833333333801,0%,Vaccine Efficacy 70%,D1
963,4.0,0.0031566666666666523,0%,Vaccine Efficacy 70%,D1
964,5.0,0.0058083333333332375,0%,Vaccine Efficacy 70%,D1
965,6.0,0.010690416666666636,0%,Vaccine Efficacy 70%,D1
966,7.0,0.014730833333333493,0%,Vaccine Efficacy 70%,D1
967,8.0,0.0174662499999999,0%,Vaccine Efficacy 70%,D1
968,9.0,0.021253750000000102,0%,Vaccine Efficacy 70%,D1
969,10.0,0.02853499999999999,0%,Vaccine Efficacy 70%,D1
970,11.0,0.03762624999999993,0%,Vaccine Efficacy 70%,D1
971,12.0,0.049915833333333146,0%,Vaccine Efficacy 70%,D1
972,13.0,0.06595125000000006,0%,Vaccine Efficacy 70%,D1
973,14.0,0.07668375,0%,Vaccine Efficacy 70%,D1
974,15.0,0.08674249999999996,0%,Vaccine Efficacy 70%,D1
975,16.0,0.0969695833333334,0%,Vaccine Efficacy 70%,D1
976,17.0,0.10892250000000002,0%,Vaccine Efficacy 70%,D1
977,18.0,0.1243266666666667,0%,Vaccine Efficacy 70%,D1
978,19.0,0.14334999999999998,0%,Vaccine Efficacy 70%,D1
979,20.0,0.16460458333333344,0%,Vaccine Efficacy 70%,D1
980,21.0,0.18106083333333356,0%,Vaccine Efficacy 70%,D1
981,22.0,0.1922141666666667,0%,Vaccine Efficacy 70%,D1
982,23.0,0.20526083333333342,0%,Vaccine Efficacy 70%,D1
983,24.0,0.22015958333333335,0%,Vaccine Efficacy 70%,D1
984,25.0,0.23569041666666676,0%,Vaccine Efficacy 70%,D1
985,26.0,0.25370375,0%,Vaccine Efficacy 70%,D1
986,27.0,0.27462166666666665,0%,Vaccine Efficacy 70%,D1
987,28.0,0.2892258333333333,0%,Vaccine Efficacy 70%,D1
988,29.0,0.30025249999999987,0%,Vaccine Efficacy 70%,D1
989,30.0,0.31203708333333335,0%,Vaccine Efficacy 70%,D1
990,31.0,0.3254208333333332,0%,Vaccine Efficacy 70%,D1
991,32.0,0.34006791666666664,0%,Vaccine Efficacy 70%,D1
992,33.0,0.3566499999999999,0%,Vaccine Efficacy 70%,D1
993,34.0,0.3767679166666666,0%,Vaccine Efficacy 70%,D1
994,35.0,0.39019333333333345,0%,Vaccine Efficacy 70%,D1
995,36.0,0.40046333333333334,0%,Vaccine Efficacy 70%,D1
996,37.0,0.4118266666666667,0%,Vaccine Efficacy 70%,D1
997,38.0,0.42277,0%,Vaccine Efficacy 70%,D1
998,39.0,0.4361533333333334,0%,Vaccine Efficacy 70%,D1
999,40.0,0.4506733333333333,0%,Vaccine Efficacy 70%,D1
1000,41.0,0.4661616666666667,0%,Vaccine Efficacy 70%,D1
1001,42.0,0.4767258333333334,0%,Vaccine Efficacy 70%,D1
1002,43.0,0.48425958333333335,0%,Vaccine Efficacy 70%,D1
1003,44.0,0.49212958333333334,0%,Vaccine Efficacy 70%,D1
1004,45.0,0.50117875,0%,Vaccine Efficacy 70%,D1
1005,46.0,0.5103958333333334,0%,Vaccine Efficacy 70%,D1
1006,47.0,0.5204966666666667,0%,Vaccine Efficacy 70%,D1
1007,48.0,0.5316500000000001,0%,Vaccine Efficacy 70%,D1
1008,49.0,0.5389733333333334,0%,Vaccine Efficacy 70%,D1
1009,50.0,0.5447395833333334,0%,Vaccine Efficacy 70%,D1
1010,51.0,0.5505895833333334,0%,Vaccine Efficacy 70%,D1
1011,52.0,0.5566920833333333,0%,Vaccine Efficacy 70%,D1
1012,53.0,0.5630891666666666,0%,Vaccine Efficacy 70%,D1
1013,54.0,0.5705808333333333,0%,Vaccine Efficacy 70%,D1
1014,55.0,0.5784929166666667,0%,Vaccine Efficacy 70%,D1
1015,56.0,0.5834174999999999,0%,Vaccine Efficacy 70%,D1
1016,57.0,0.5871633333333333,0%,Vaccine Efficacy 70%,D1
1017,58.0,0.5908254166666667,0%,Vaccine Efficacy 70%,D1
1018,59.0,0.5948233333333334,0%,Vaccine Efficacy 70%,D1
1019,60.0,0.59987375,0%,Vaccine Efficacy 70%,D1
1020,1.0,0.0,10%,Vaccine Efficacy 70%,D1
1021,2.0,0.0004208333333333559,10%,Vaccine Efficacy 70%,D1
1022,3.0,0.0013092592592591685,10%,Vaccine Efficacy 70%,D1
1023,4.0,0.002337962962962942,10%,Vaccine Efficacy 70%,D1
1024,5.0,0.004115277777777809,10%,Vaccine Efficacy 70%,D1
1025,6.0,0.008324074074074083,10%,Vaccine Efficacy 70%,D1
1026,7.0,0.010334722222222266,10%,Vaccine Efficacy 70%,D1
1027,8.0,0.012719907407407418,10%,Vaccine Efficacy 70%,D1
1028,9.0,0.016975462962963057,10%,Vaccine Efficacy 70%,D1
1029,10.0,0.022212962962962973,10%,Vaccine Efficacy 70%,D1
1030,11.0,0.0306310185185185,10%,Vaccine Efficacy 70%,D1
1031,12.0,0.04269537037037044,10%,Vaccine Efficacy 70%,D1
1032,13.0,0.05845462962962968,10%,Vaccine Efficacy 70%,D1
1033,14.0,0.0692569444444444,10%,Vaccine Efficacy 70%,D1
1034,15.0,0.07683333333333348,10%,Vaccine Efficacy 70%,D1
1035,16.0,0.08847731481481479,10%,Vaccine Efficacy 70%,D1
1036,17.0,0.10143148148148147,10%,Vaccine Efficacy 70%,D1
1037,18.0,0.11719074074074085,10%,Vaccine Efficacy 70%,D1
1038,19.0,0.13603657407407413,10%,Vaccine Efficacy 70%,D1
1039,20.0,0.15890416666666662,10%,Vaccine Efficacy 70%,D1
1040,21.0,0.17704861111111114,10%,Vaccine Efficacy 70%,D1
1041,22.0,0.18869212962962972,10%,Vaccine Efficacy 70%,D1
1042,23.0,0.2004768518518521,10%,Vaccine Efficacy 70%,D1
1043,24.0,0.21520833333333325,10%,Vaccine Efficacy 70%,D1
1044,25.0,0.2327907407407409,10%,Vaccine Efficacy 70%,D1
1045,26.0,0.2530398148148149,10%,Vaccine Efficacy 70%,D1
1046,27.0,0.273849537037037,10%,Vaccine Efficacy 70%,D1
1047,28.0,0.29087175925925907,10%,Vaccine Efficacy 70%,D1
1048,29.0,0.3037319444444443,10%,Vaccine Efficacy 70%,D1
1049,30.0,0.3155629629629628,10%,Vaccine Efficacy 70%,D1
1050,31.0,0.328001851851852,10%,Vaccine Efficacy 70%,D1
1051,32.0,0.34235925925925925,10%,Vaccine Efficacy 70%,D1
1052,33.0,0.3576967592592593,10%,Vaccine Efficacy 70%,D1
1053,34.0,0.37467222222222213,10%,Vaccine Efficacy 70%,D1
1054,35.0,0.3868314814814815,10%,Vaccine Efficacy 70%,D1
1055,36.0,0.3965120370370371,10%,Vaccine Efficacy 70%,D1
1056,37.0,0.4059578703703704,10%,Vaccine Efficacy 70%,D1
1057,38.0,0.4167606481481482,10%,Vaccine Efficacy 70%,D1
1058,39.0,0.42681435185185185,10%,Vaccine Efficacy 70%,D1
1059,40.0,0.4386462962962963,10%,Vaccine Efficacy 70%,D1
1060,41.0,0.4522078703703704,10%,Vaccine Efficacy 70%,D1
1061,42.0,0.4630097222222222,10%,Vaccine Efficacy 70%,D1
1062,43.0,0.4701638888888888,10%,Vaccine Efficacy 70%,D1
1063,44.0,0.47755370370370365,10%,Vaccine Efficacy 70%,D1
1064,45.0,0.48536342592592596,10%,Vaccine Efficacy 70%,D1
1065,46.0,0.4942009259259259,10%,Vaccine Efficacy 70%,D1
1066,47.0,0.5040217592592593,10%,Vaccine Efficacy 70%,D1
1067,48.0,0.5145907407407407,10%,Vaccine Efficacy 70%,D1
1068,49.0,0.522587037037037,10%,Vaccine Efficacy 70%,D1
1069,50.0,0.5273101851851851,10%,Vaccine Efficacy 70%,D1
1070,51.0,0.532875462962963,10%,Vaccine Efficacy 70%,D1
1071,52.0,0.5394685185185185,10%,Vaccine Efficacy 70%,D1
1072,53.0,0.5468574074074074,10%,Vaccine Efficacy 70%,D1
1073,54.0,0.5542462962962963,10%,Vaccine Efficacy 70%,D1
1074,55.0,0.5636925925925925,10%,Vaccine Efficacy 70%,D1
1075,56.0,0.5698657407407408,10%,Vaccine Efficacy 70%,D1
1076,57.0,0.5747291666666667,10%,Vaccine Efficacy 70%,D1
1077,58.0,0.5808550925925926,10%,Vaccine Efficacy 70%,D1
1078,59.0,0.5861393518518518,10%,Vaccine Efficacy 70%,D1
1079,60.0,0.5925930555555555,10%,Vaccine Efficacy 70%,D1
1080,1.0,0.0,40%,Vaccine Efficacy 70%,D1
1081,2.0,0.00014027777777769757,40%,Vaccine Efficacy 70%,D1
1082,3.0,0.0006312500000000338,40%,Vaccine Efficacy 70%,D1
1083,4.0,0.00154305555555566,40%,Vaccine Efficacy 70%,D1
1084,5.0,0.0023847222222222403,40%,Vaccine Efficacy 70%,D1
1085,6.0,0.003998611111111019,40%,Vaccine Efficacy 70%,D1
1086,7.0,0.006032638888888818,40%,Vaccine Efficacy 70%,D1
1087,8.0,0.007645833333333327,40%,Vaccine Efficacy 70%,D1
1088,9.0,0.01094305555555566,40%,Vaccine Efficacy 70%,D1
1089,10.0,0.015572222222222246,40%,Vaccine Efficacy 70%,D1
1090,11.0,0.021534722222222216,40%,Vaccine Efficacy 70%,D1
1091,12.0,0.028689583333333206,40%,Vaccine Efficacy 70%,D1
1092,13.0,0.03879166666666675,40%,Vaccine Efficacy 70%,D1
1093,14.0,0.04510347222222223,40%,Vaccine Efficacy 70%,D1
1094,15.0,0.04994444444444449,40%,Vaccine Efficacy 70%,D1
1095,16.0,0.05681736111111116,40%,Vaccine Efficacy 70%,D1
1096,17.0,0.06446388888888895,40%,Vaccine Efficacy 70%,D1
1097,18.0,0.07379305555555564,40%,Vaccine Efficacy 70%,D1
1098,19.0,0.08508680555555553,40%,Vaccine Efficacy 70%,D1
1099,20.0,0.09806319444444453,40%,Vaccine Efficacy 70%,D1
1100,21.0,0.10641111111111101,40%,Vaccine Efficacy 70%,D1
1101,22.0,0.11223333333333319,40%,Vaccine Efficacy 70%,D1
1102,23.0,0.11994930555555555,40%,Vaccine Efficacy 70%,D1
1103,24.0,0.12991041666666675,40%,Vaccine Efficacy 70%,D1
1104,25.0,0.13965972222222225,40%,Vaccine Efficacy 70%,D1
1105,26.0,0.15144513888888878,40%,Vaccine Efficacy 70%,D1
1106,27.0,0.1643513888888888,40%,Vaccine Efficacy 70%,D1
1107,28.0,0.17515486111111095,40%,Vaccine Efficacy 70%,D1
1108,29.0,0.1828000000000001,40%,Vaccine Efficacy 70%,D1
1109,30.0,0.19121805555555543,40%,Vaccine Efficacy 70%,D1
1110,31.0,0.20019652777777766,40%,Vaccine Efficacy 70%,D1
1111,32.0,0.21177083333333327,40%,Vaccine Efficacy 70%,D1
1112,33.0,0.22404652777777775,40%,Vaccine Efficacy 70%,D1
1113,34.0,0.23744374999999993,40%,Vaccine Efficacy 70%,D1
1114,35.0,0.24845694444444444,40%,Vaccine Efficacy 70%,D1
1115,36.0,0.2565243055555556,40%,Vaccine Efficacy 70%,D1
1116,37.0,0.2654326388888888,40%,Vaccine Efficacy 70%,D1
1117,38.0,0.2737097222222222,40%,Vaccine Efficacy 70%,D1
1118,39.0,0.28296874999999994,40%,Vaccine Efficacy 70%,D1
1119,40.0,0.2934902777777778,40%,Vaccine Efficacy 70%,D1
1120,41.0,0.3066069444444444,40%,Vaccine Efficacy 70%,D1
1121,42.0,0.3155152777777778,40%,Vaccine Efficacy 70%,D1
1122,43.0,0.3208479166666668,40%,Vaccine Efficacy 70%,D1
1123,44.0,0.32779166666666665,40%,Vaccine Efficacy 70%,D1
1124,45.0,0.33691111111111116,40%,Vaccine Efficacy 70%,D1
1125,46.0,0.34511805555555547,40%,Vaccine Efficacy 70%,D1
1126,47.0,0.355711111111111,40%,Vaccine Efficacy 70%,D1
1127,48.0,0.36616180555555566,40%,Vaccine Efficacy 70%,D1
1128,49.0,0.37275555555555545,40%,Vaccine Efficacy 70%,D1
1129,50.0,0.37801666666666656,40%,Vaccine Efficacy 70%,D1
1130,51.0,0.38341736111111113,40%,Vaccine Efficacy 70%,D1
1131,52.0,0.39015138888888895,40%,Vaccine Efficacy 70%,D1
1132,53.0,0.3971666666666667,40%,Vaccine Efficacy 70%,D1
1133,54.0,0.4059347222222223,40%,Vaccine Efficacy 70%,D1
1134,55.0,0.4149138888888888,40%,Vaccine Efficacy 70%,D1
1135,56.0,0.42178819444444443,40%,Vaccine Efficacy 70%,D1
1136,57.0,0.42585555555555554,40%,Vaccine Efficacy 70%,D1
1137,58.0,0.4315374999999999,40%,Vaccine Efficacy 70%,D1
1138,59.0,0.43813125,40%,Vaccine Efficacy 70%,D1
1139,60.0,0.4454263888888889,40%,Vaccine Efficacy 70%,D1
1140,1.0,0.0,70%,Vaccine Efficacy 70%,D1
1141,2.0,0.0002805555555555925,70%,Vaccine Efficacy 70%,D1
1142,3.0,0.0011222222222221727,70%,Vaccine Efficacy 70%,D1
1143,4.0,0.0019638888888889503,70%,Vaccine Efficacy 70%,D1
1144,5.0,0.002806944444444465,70%,Vaccine Efficacy 70%,D1
1145,6.0,0.004770833333333415,70%,Vaccine Efficacy 70%,D1
1146,7.0,0.006734722222222168,70%,Vaccine Efficacy 70%,D1
1147,8.0,0.009118055555555473,70%,Vaccine Efficacy 70%,D1
1148,9.0,0.011504166666666846,70%,Vaccine Efficacy 70%,D1
1149,10.0,0.014029166666666783,70%,Vaccine Efficacy 70%,D1
1150,11.0,0.017116666666666645,70%,Vaccine Efficacy 70%,D1
1151,12.0,0.01978194444444428,70%,Vaccine Efficacy 70%,D1
1152,13.0,0.025112499999999944,70%,Vaccine Efficacy 70%,D1
1153,14.0,0.030302777777777914,70%,Vaccine Efficacy 70%,D1
1154,15.0,0.03353055555555547,70%,Vaccine Efficacy 70%,D1
1155,16.0,0.03647500000000016,70%,Vaccine Efficacy 70%,D1
1156,17.0,0.03998333333333331,70%,Vaccine Efficacy 70%,D1
1157,18.0,0.0444722222222222,70%,Vaccine Efficacy 70%,D1
1158,19.0,0.050504166666666746,70%,Vaccine Efficacy 70%,D1
1159,20.0,0.05737916666666681,70%,Vaccine Efficacy 70%,D1
1160,21.0,0.06341111111111096,70%,Vaccine Efficacy 70%,D1
1161,22.0,0.06691944444444431,70%,Vaccine Efficacy 70%,D1
1162,23.0,0.07295138888888886,70%,Vaccine Efficacy 70%,D1
1163,24.0,0.07926527777777753,70%,Vaccine Efficacy 70%,D1
1164,25.0,0.08487638888888899,70%,Vaccine Efficacy 70%,D1
1165,26.0,0.09217222222222216,70%,Vaccine Efficacy 70%,D1
1166,27.0,0.10199305555555543,70%,Vaccine Efficacy 70%,D1
1167,28.0,0.10774444444444439,70%,Vaccine Efficacy 70%,D1
1168,29.0,0.11363611111111105,70%,Vaccine Efficacy 70%,D1
1169,30.0,0.11868611111111102,70%,Vaccine Efficacy 70%,D1
1170,31.0,0.12654305555555556,70%,Vaccine Efficacy 70%,D1
1171,32.0,0.13468055555555558,70%,Vaccine Efficacy 70%,D1
1172,33.0,0.14365833333333336,70%,Vaccine Efficacy 70%,D1
1173,34.0,0.15277638888888884,70%,Vaccine Efficacy 70%,D1
1174,35.0,0.15993333333333323,70%,Vaccine Efficacy 70%,D1
1175,36.0,0.16442361111111106,70%,Vaccine Efficacy 70%,D1
1176,37.0,0.1705958333333332,70%,Vaccine Efficacy 70%,D1
1177,38.0,0.17803055555555553,70%,Vaccine Efficacy 70%,D1
1178,39.0,0.18518611111111108,70%,Vaccine Efficacy 70%,D1
1179,40.0,0.19430555555555548,70%,Vaccine Efficacy 70%,D1
1180,41.0,0.2011777777777778,70%,Vaccine Efficacy 70%,D1
1181,42.0,0.20763194444444444,70%,Vaccine Efficacy 70%,D1
1182,43.0,0.21380555555555553,70%,Vaccine Efficacy 70%,D1
1183,44.0,0.22039861111111106,70%,Vaccine Efficacy 70%,D1
1184,45.0,0.2274125,70%,Vaccine Efficacy 70%,D1
1185,46.0,0.23540972222222212,70%,Vaccine Efficacy 70%,D1
1186,47.0,0.24326666666666666,70%,Vaccine Efficacy 70%,D1
1187,48.0,0.2521055555555556,70%,Vaccine Efficacy 70%,D1
1188,49.0,0.25869861111111114,70%,Vaccine Efficacy 70%,D1
1189,50.0,0.26248611111111114,70%,Vaccine Efficacy 70%,D1
1190,51.0,0.2683791666666667,70%,Vaccine Efficacy 70%,D1
1191,52.0,0.27412916666666665,70%,Vaccine Efficacy 70%,D1
1192,53.0,0.2815652777777777,70%,Vaccine Efficacy 70%,D1
1193,54.0,0.2905444444444444,70%,Vaccine Efficacy 70%,D1
1194,55.0,0.2988222222222221,70%,Vaccine Efficacy 70%,D1
1195,56.0,0.3045736111111112,70%,Vaccine Efficacy 70%,D1
1196,57.0,0.30836250000000004,70%,Vaccine Efficacy 70%,D1
1197,58.0,0.31439444444444437,70%,Vaccine Efficacy 70%,D1
1198,59.0,0.31986666666666674,70%,Vaccine Efficacy 70%,D1
1199,60.0,0.3257583333333333,70%,Vaccine Efficacy 70%,D1
1200,1.0,0.0,0%,Vaccine Efficacy 70%,Without Screening
1201,2.0,0.00021041666666666477,0%,Vaccine Efficacy 70%,Without Screening
1202,3.0,0.0009679166666667053,0%,Vaccine Efficacy 70%,Without Screening
1203,4.0,0.0020620833333333385,0%,Vaccine Efficacy 70%,Without Screening
1204,5.0,0.004545416666666568,0%,Vaccine Efficacy 70%,Without Screening
1205,6.0,0.007197083333333272,0%,Vaccine Efficacy 70%,Without Screening
1206,7.0,0.010101250000000069,0%,Vaccine Efficacy 70%,Without Screening
1207,8.0,0.013005416666666629,0%,Vaccine Efficacy 70%,Without Screening
1208,9.0,0.018392083333333295,0%,Vaccine Efficacy 70%,Without Screening
1209,10.0,0.02626250000000011,0%,Vaccine Efficacy 70%,Without Screening
1210,11.0,0.03829958333333335,0%,Vaccine Efficacy 70%,Without Screening
1211,12.0,0.05281999999999994,0%,Vaccine Efficacy 70%,Without Screening
1212,13.0,0.06982291666666664,0%,Vaccine Efficacy 70%,Without Screening
1213,14.0,0.08232291666666663,0%,Vaccine Efficacy 70%,Without Screening
1214,15.0,0.09234041666666665,0%,Vaccine Efficacy 70%,Without Screening
1215,16.0,0.10925916666666662,0%,Vaccine Efficacy 70%,Without Screening
1216,17.0,0.13320708333333328,0%,Vaccine Efficacy 70%,Without Screening
1217,18.0,0.1611954166666666,0%,Vaccine Efficacy 70%,Without Screening
1218,19.0,0.19410791666666657,0%,Vaccine Efficacy 70%,Without Screening
1219,20.0,0.23005041666666665,0%,Vaccine Efficacy 70%,Without Screening
1220,21.0,0.25576625000000003,0%,Vaccine Efficacy 70%,Without Screening
1221,22.0,0.2738220833333333,0%,Vaccine Efficacy 70%,Without Screening
1222,23.0,0.30202041666666657,0%,Vaccine Efficacy 70%,Without Screening
1223,24.0,0.33632166666666674,0%,Vaccine Efficacy 70%,Without Screening
1224,25.0,0.3744108333333333,0%,Vaccine Efficacy 70%,Without Screening
1225,26.0,0.4147308333333334,0%,Vaccine Efficacy 70%,Without Screening
1226,27.0,0.45829083333333337,0%,Vaccine Efficacy 70%,Without Screening
1227,28.0,0.48771041666666665,0%,Vaccine Efficacy 70%,Without Screening
1228,29.0,0.5103958333333334,0%,Vaccine Efficacy 70%,Without Screening
1229,30.0,0.5418770833333333,0%,Vaccine Efficacy 70%,Without Screening
1230,31.0,0.5737795833333332,0%,Vaccine Efficacy 70%,Without Screening
1231,32.0,0.6077441666666668,0%,Vaccine Efficacy 70%,Without Screening
1232,33.0,0.6414558333333333,0%,Vaccine Efficacy 70%,Without Screening
1233,34.0,0.6718854166666667,0%,Vaccine Efficacy 70%,Without Screening
1234,35.0,0.6943604166666667,0%,Vaccine Efficacy 70%,Without Screening
1235,36.0,0.7082912500000001,0%,Vaccine Efficacy 70%,Without Screening
1236,37.0,0.7266841666666667,0%,Vaccine Efficacy 70%,Without Screening
1237,38.0,0.7476433333333333,0%,Vaccine Efficacy 70%,Without Screening
1238,39.0,0.7678033333333334,0%,Vaccine Efficacy 70%,Without Screening
1239,40.0,0.7869533333333333,0%,Vaccine Efficacy 70%,Without Screening
1240,41.0,0.8035779166666667,0%,Vaccine Efficacy 70%,Without Screening
1241,42.0,0.8171295833333333,0%,Vaccine Efficacy 70%,Without Screening
1242,43.0,0.8252520833333333,0%,Vaccine Efficacy 70%,Without Screening
1243,44.0,0.83510125,0%,Vaccine Efficacy 70%,Without Screening
1244,45.0,0.8437291666666666,0%,Vaccine Efficacy 70%,Without Screening
1245,46.0,0.85420875,0%,Vaccine Efficacy 70%,Without Screening
1246,47.0,0.8635520833333333,0%,Vaccine Efficacy 70%,Without Screening
1247,48.0,0.87255875,0%,Vaccine Efficacy 70%,Without Screening
1248,49.0,0.8781145833333334,0%,Vaccine Efficacy 70%,Without Screening
1249,50.0,0.8830804166666667,0%,Vaccine Efficacy 70%,Without Screening
1250,51.0,0.88813125,0%,Vaccine Efficacy 70%,Without Screening
1251,52.0,0.8937708333333333,0%,Vaccine Efficacy 70%,Without Screening
1252,53.0,0.8987370833333334,0%,Vaccine Efficacy 70%,Without Screening
1253,54.0,0.9040404166666666,0%,Vaccine Efficacy 70%,Without Screening
1254,55.0,0.9080391666666666,0%,Vaccine Efficacy 70%,Without Screening
1255,56.0,0.91149,0%,Vaccine Efficacy 70%,Without Screening
1256,57.0,0.9139729166666667,0%,Vaccine Efficacy 70%,Without Screening
1257,58.0,0.9164983333333333,0%,Vaccine Efficacy 70%,Without Screening
1258,59.0,0.9196129166666667,0%,Vaccine Efficacy 70%,Without Screening
1259,60.0,0.9216333333333334,0%,Vaccine Efficacy 70%,Without Screening
1260,1.0,0.0,10%,Vaccine Efficacy 70%,Without Screening
1261,2.0,0.0002337962962962942,10%,Vaccine Efficacy 70%,Without Screening
1262,3.0,0.0009819444444444092,10%,Vaccine Efficacy 70%,Without Screening
1263,4.0,0.002150925925926012,10%,Vaccine Efficacy 70%,Without Screening
1264,5.0,0.004208333333333296,10%,Vaccine Efficacy 70%,Without Screening
1265,6.0,0.0076226851851852,10%,Vaccine Efficacy 70%,Without Screening
1266,7.0,0.010943055555555529,10%,Vaccine Efficacy 70%,Without Screening
1267,8.0,0.012953703703703712,10%,Vaccine Efficacy 70%,Without Screening
1268,9.0,0.017770370370370533,10%,Vaccine Efficacy 70%,Without Screening
1269,10.0,0.02501898148148148,10%,Vaccine Efficacy 70%,Without Screening
1270,11.0,0.03596203703703701,10%,Vaccine Efficacy 70%,Without Screening
1271,12.0,0.05027083333333343,10%,Vaccine Efficacy 70%,Without Screening
1272,13.0,0.0667319444444444,10%,Vaccine Efficacy 70%,Without Screening
1273,14.0,0.08052731481481483,10%,Vaccine Efficacy 70%,Without Screening
1274,15.0,0.08969305555555548,10%,Vaccine Efficacy 70%,Without Screening
1275,16.0,0.10666851851851854,10%,Vaccine Efficacy 70%,Without Screening
1276,17.0,0.1266833333333333,10%,Vaccine Efficacy 70%,Without Screening
1277,18.0,0.15081388888888897,10%,Vaccine Efficacy 70%,Without Screening
1278,19.0,0.180275462962963,10%,Vaccine Efficacy 70%,Without Screening
1279,20.0,0.21511388888888885,10%,Vaccine Efficacy 70%,Without Screening
1280,21.0,0.23812222222222215,10%,Vaccine Efficacy 70%,Without Screening
1281,22.0,0.2566875,10%,Vaccine Efficacy 70%,Without Screening
1282,23.0,0.28395092592592586,10%,Vaccine Efficacy 70%,Without Screening
1283,24.0,0.3178074074074074,10%,Vaccine Efficacy 70%,Without Screening
1284,25.0,0.35563981481481477,10%,Vaccine Efficacy 70%,Without Screening
1285,26.0,0.3940333333333333,10%,Vaccine Efficacy 70%,Without Screening
1286,27.0,0.4348115740740741,10%,Vaccine Efficacy 70%,Without Screening
1287,28.0,0.4633370370370371,10%,Vaccine Efficacy 70%,Without Screening
1288,29.0,0.48517592592592595,10%,Vaccine Efficacy 70%,Without Screening
1289,30.0,0.5141226851851852,10%,Vaccine Efficacy 70%,Without Screening
1290,31.0,0.5456412037037037,10%,Vaccine Efficacy 70%,Without Screening
1291,32.0,0.5778620370370371,10%,Vaccine Efficacy 70%,Without Screening
1292,33.0,0.6101287037037038,10%,Vaccine Efficacy 70%,Without Screening
1293,34.0,0.6425828703703703,10%,Vaccine Efficacy 70%,Without Screening
1294,35.0,0.6651240740740741,10%,Vaccine Efficacy 70%,Without Screening
1295,36.0,0.6816314814814814,10%,Vaccine Efficacy 70%,Without Screening
1296,37.0,0.7007106481481481,10%,Vaccine Efficacy 70%,Without Screening
1297,38.0,0.7208194444444445,10%,Vaccine Efficacy 70%,Without Screening
1298,39.0,0.7410680555555555,10%,Vaccine Efficacy 70%,Without Screening
1299,40.0,0.7606625,10%,Vaccine Efficacy 70%,Without Screening
1300,41.0,0.7784791666666666,10%,Vaccine Efficacy 70%,Without Screening
1301,42.0,0.7914328703703704,10%,Vaccine Efficacy 70%,Without Screening
1302,43.0,0.8016740740740741,10%,Vaccine Efficacy 70%,Without Screening
1303,44.0,0.8122893518518518,10%,Vaccine Efficacy 70%,Without Screening
1304,45.0,0.8244013888888888,10%,Vaccine Efficacy 70%,Without Screening
1305,46.0,0.8355314814814816,10%,Vaccine Efficacy 70%,Without Screening
1306,47.0,0.8465675925925926,10%,Vaccine Efficacy 70%,Without Screening
1307,48.0,0.8559671296296296,10%,Vaccine Efficacy 70%,Without Screening
1308,49.0,0.8624675925925926,10%,Vaccine Efficacy 70%,Without Screening
1309,50.0,0.8675175925925926,10%,Vaccine Efficacy 70%,Without Screening
1310,51.0,0.8735037037037038,10%,Vaccine Efficacy 70%,Without Screening
1311,52.0,0.8795361111111112,10%,Vaccine Efficacy 70%,Without Screening
1312,53.0,0.8851476851851852,10%,Vaccine Efficacy 70%,Without Screening
1313,54.0,0.8911337962962963,10%,Vaccine Efficacy 70%,Without Screening
1314,55.0,0.8965115740740741,10%,Vaccine Efficacy 70%,Without Screening
1315,56.0,0.8999254629629628,10%,Vaccine Efficacy 70%,Without Screening
1316,57.0,0.9033856481481481,10%,Vaccine Efficacy 70%,Without Screening
1317,58.0,0.9060518518518519,10%,Vaccine Efficacy 70%,Without Screening
1318,59.0,0.9096523148148147,10%,Vaccine Efficacy 70%,Without Screening
1319,60.0,0.9127856481481481,10%,Vaccine Efficacy 70%,Without Screening
1320,1.0,0.0,40%,Vaccine Efficacy 70%,Without Screening
1321,2.0,0.00028055555555539513,40%,Vaccine Efficacy 70%,Without Screening
1322,3.0,0.0008416666666665802,40%,Vaccine Efficacy 70%,Without Screening
1323,4.0,0.001963888888888753,40%,Vaccine Efficacy 70%,Without Screening
1324,5.0,0.00392847222222217,40%,Vaccine Efficacy 70%,Without Screening
1325,6.0,0.006874305555555595,40%,Vaccine Efficacy 70%,Without Screening
1326,7.0,0.00918888888888879,40%,Vaccine Efficacy 70%,Without Screening
1327,8.0,0.01115277777777774,40%,Vaccine Efficacy 70%,Without Screening
1328,9.0,0.01508124999999991,40%,Vaccine Efficacy 70%,Without Screening
1329,10.0,0.020693055555555437,40%,Vaccine Efficacy 70%,Without Screening
1330,11.0,0.027146527777777745,40%,Vaccine Efficacy 70%,Without Screening
1331,12.0,0.035563888888888805,40%,Vaccine Efficacy 70%,Without Screening
1332,13.0,0.04517361111111108,40%,Vaccine Efficacy 70%,Without Screening
1333,14.0,0.05204861111111114,40%,Vaccine Efficacy 70%,Without Screening
1334,15.0,0.0585722222222221,40%,Vaccine Efficacy 70%,Without Screening
1335,16.0,0.06853263888888882,40%,Vaccine Efficacy 70%,Without Screening
1336,17.0,0.08059722222222238,40%,Vaccine Efficacy 70%,Without Screening
1337,18.0,0.096029861111111,40%,Vaccine Efficacy 70%,Without Screening
1338,19.0,0.11398680555555558,40%,Vaccine Efficacy 70%,Without Screening
1339,20.0,0.13503125000000005,40%,Vaccine Efficacy 70%,Without Screening
1340,21.0,0.15158541666666667,40%,Vaccine Efficacy 70%,Without Screening
1341,22.0,0.16323055555555557,40%,Vaccine Efficacy 70%,Without Screening
1342,23.0,0.18230972222222233,40%,Vaccine Efficacy 70%,Without Screening
1343,24.0,0.2048958333333333,40%,Vaccine Efficacy 70%,Without Screening
1344,25.0,0.22958750000000006,40%,Vaccine Efficacy 70%,Without Screening
1345,26.0,0.2570145833333335,40%,Vaccine Efficacy 70%,Without Screening
1346,27.0,0.2861951388888888,40%,Vaccine Efficacy 70%,Without Screening
1347,28.0,0.3050645833333333,40%,Vaccine Efficacy 70%,Without Screening
1348,29.0,0.3213388888888889,40%,Vaccine Efficacy 70%,Without Screening
1349,30.0,0.3442763888888888,40%,Vaccine Efficacy 70%,Without Screening
1350,31.0,0.36833611111111114,40%,Vaccine Efficacy 70%,Without Screening
1351,32.0,0.3942902777777777,40%,Vaccine Efficacy 70%,Without Screening
1352,33.0,0.4241729166666668,40%,Vaccine Efficacy 70%,Without Screening
1353,34.0,0.45145902777777774,40%,Vaccine Efficacy 70%,Without Screening
1354,35.0,0.4711701388888889,40%,Vaccine Efficacy 70%,Without Screening
1355,36.0,0.48632083333333337,40%,Vaccine Efficacy 70%,Without Screening
1356,37.0,0.505401388888889,40%,Vaccine Efficacy 70%,Without Screening
1357,38.0,0.5277770833333334,40%,Vaccine Efficacy 70%,Without Screening
1358,39.0,0.5526090277777779,40%,Vaccine Efficacy 70%,Without Screening
1359,40.0,0.5747048611111112,40%,Vaccine Efficacy 70%,Without Screening
1360,41.0,0.598063888888889,40%,Vaccine Efficacy 70%,Without Screening
1361,42.0,0.6154604166666666,40%,Vaccine Efficacy 70%,Without Screening
1362,43.0,0.6280861111111111,40%,Vaccine Efficacy 70%,Without Screening
1363,44.0,0.6441493055555556,40%,Vaccine Efficacy 70%,Without Screening
1364,45.0,0.6582493055555556,40%,Vaccine Efficacy 70%,Without Screening
1365,46.0,0.6764868055555556,40%,Vaccine Efficacy 70%,Without Screening
1366,47.0,0.6945138888888889,40%,Vaccine Efficacy 70%,Without Screening
1367,48.0,0.7110694444444445,40%,Vaccine Efficacy 70%,Without Screening
1368,49.0,0.7232041666666666,40%,Vaccine Efficacy 70%,Without Screening
1369,50.0,0.7323229166666666,40%,Vaccine Efficacy 70%,Without Screening
1370,51.0,0.7432659722222222,40%,Vaccine Efficacy 70%,Without Screening
1371,52.0,0.7538576388888889,40%,Vaccine Efficacy 70%,Without Screening
1372,53.0,0.7645902777777778,40%,Vaccine Efficacy 70%,Without Screening
1373,54.0,0.7765847222222222,40%,Vaccine Efficacy 70%,Without Screening
1374,55.0,0.7873173611111111,40%,Vaccine Efficacy 70%,Without Screening
1375,56.0,0.7951743055555556,40%,Vaccine Efficacy 70%,Without Screening
1376,57.0,0.8005055555555556,40%,Vaccine Efficacy 70%,Without Screening
1377,58.0,0.8069590277777778,40%,Vaccine Efficacy 70%,Without Screening
1378,59.0,0.8139736111111111,40%,Vaccine Efficacy 70%,Without Screening
1379,60.0,0.8216194444444445,40%,Vaccine Efficacy 70%,Without Screening
1380,1.0,0.0,70%,Vaccine Efficacy 70%,Without Screening
1381,2.0,0.0002805555555555925,70%,Vaccine Efficacy 70%,Without Screening
1382,3.0,0.0008416666666665802,70%,Vaccine Efficacy 70%,Without Screening
1383,4.0,0.0018249999999999903,70%,Vaccine Efficacy 70%,Without Screening
1384,5.0,0.0030875000000000576,70%,Vaccine Efficacy 70%,Without Screening
1385,6.0,0.00505138888888881,70%,Vaccine Efficacy 70%,Without Screening
1386,7.0,0.0063138888888888784,70%,Vaccine Efficacy 70%,Without Screening
1387,8.0,0.007154166666666721,70%,Vaccine Efficacy 70%,Without Screening
1388,9.0,0.0094,70%,Vaccine Efficacy 70%,Without Screening
1389,10.0,0.012205555555555728,70%,Vaccine Efficacy 70%,Without Screening
1390,11.0,0.017537500000000133,70%,Vaccine Efficacy 70%,Without Screening
1391,12.0,0.02146527777777764,70%,Vaccine Efficacy 70%,Without Screening
1392,13.0,0.02609444444444442,70%,Vaccine Efficacy 70%,Without Screening
1393,14.0,0.03016249999999982,70%,Vaccine Efficacy 70%,Without Screening
1394,15.0,0.03324999999999988,70%,Vaccine Efficacy 70%,Without Screening
1395,16.0,0.03731805555555587,70%,Vaccine Efficacy 70%,Without Screening
1396,17.0,0.04517499999999982,70%,Vaccine Efficacy 70%,Without Screening
1397,18.0,0.05246944444444443,70%,Vaccine Efficacy 70%,Without Screening
1398,19.0,0.0628513888888887,70%,Vaccine Efficacy 70%,Without Screening
1399,20.0,0.07449444444444452,70%,Vaccine Efficacy 70%,Without Screening
1400,21.0,0.08108888888888899,70%,Vaccine Efficacy 70%,Without Screening
1401,22.0,0.08599861111111116,70%,Vaccine Efficacy 70%,Without Screening
1402,23.0,0.09441666666666669,70%,Vaccine Efficacy 70%,Without Screening
1403,24.0,0.10381527777777795,70%,Vaccine Efficacy 70%,Without Screening
1404,25.0,0.11490000000000006,70%,Vaccine Efficacy 70%,Without Screening
1405,26.0,0.12780694444444446,70%,Vaccine Efficacy 70%,Without Screening
1406,27.0,0.14057361111111108,70%,Vaccine Efficacy 70%,Without Screening
1407,28.0,0.15025277777777774,70%,Vaccine Efficacy 70%,Without Screening
1408,29.0,0.15796805555555565,70%,Vaccine Efficacy 70%,Without Screening
1409,30.0,0.1669486111111111,70%,Vaccine Efficacy 70%,Without Screening
1410,31.0,0.18055555555555555,70%,Vaccine Efficacy 70%,Without Screening
1411,32.0,0.19402361111111105,70%,Vaccine Efficacy 70%,Without Screening
1412,33.0,0.2088944444444444,70%,Vaccine Efficacy 70%,Without Screening
1413,34.0,0.2237652777777777,70%,Vaccine Efficacy 70%,Without Screening
1414,35.0,0.23569027777777773,70%,Vaccine Efficacy 70%,Without Screening
1415,36.0,0.24172222222222228,70%,Vaccine Efficacy 70%,Without Screening
1416,37.0,0.25420833333333337,70%,Vaccine Efficacy 70%,Without Screening
1417,38.0,0.26655555555555555,70%,Vaccine Efficacy 70%,Without Screening
1418,39.0,0.28002222222222234,70%,Vaccine Efficacy 70%,Without Screening
1419,40.0,0.29629583333333337,70%,Vaccine Efficacy 70%,Without Screening
1420,41.0,0.3113069444444444,70%,Vaccine Efficacy 70%,Without Screening
1421,42.0,0.3216888888888888,70%,Vaccine Efficacy 70%,Without Screening
1422,43.0,0.3308083333333333,70%,Vaccine Efficacy 70%,Without Screening
1423,44.0,0.3432944444444444,70%,Vaccine Efficacy 70%,Without Screening
1424,45.0,0.3538166666666666,70%,Vaccine Efficacy 70%,Without Screening
1425,46.0,0.3679861111111112,70%,Vaccine Efficacy 70%,Without Screening
1426,47.0,0.382575,70%,Vaccine Efficacy 70%,Without Screening
1427,48.0,0.39786666666666665,70%,Vaccine Efficacy 70%,Without Screening
1428,49.0,0.40937222222222214,70%,Vaccine Efficacy 70%,Without Screening
1429,50.0,0.4161069444444445,70%,Vaccine Efficacy 70%,Without Screening
1430,51.0,0.42704861111111103,70%,Vaccine Efficacy 70%,Without Screening
1431,52.0,0.43981388888888895,70%,Vaccine Efficacy 70%,Without Screening
1432,53.0,0.4508972222222223,70%,Vaccine Efficacy 70%,Without Screening
1433,54.0,0.46141944444444444,70%,Vaccine Efficacy 70%,Without Screening
1434,55.0,0.47376527777777777,70%,Vaccine Efficacy 70%,Without Screening
1435,56.0,0.4845666666666666,70%,Vaccine Efficacy 70%,Without Screening
1436,57.0,0.4898986111111111,70%,Vaccine Efficacy 70%,Without Screening
1437,58.0,0.4995791666666667,70%,Vaccine Efficacy 70%,Without Screening
1438,59.0,0.508838888888889,70%,Vaccine Efficacy 70%,Without Screening
1439,60.0,0.5207624999999999,70%,Vaccine Efficacy 70%,Without Screening
