,day,final_infected,type_pretty
60,60,227,0%
121,60,236,0%
182,60,194,0%
243,60,219,0%
304,60,180,0%
365,60,205,0%
426,60,218,0%
487,60,231,0%
548,60,192,0%
609,60,168,0%
670,60,186,0%
731,60,220,0%
792,60,228,0%
853,60,215,0%
914,60,217,0%
975,60,197,0%
1036,60,201,0%
1097,60,167,0%
1158,60,225,0%
1219,60,214,0%
1280,60,221,0%
1341,60,205,0%
1402,60,198,0%
1463,60,237,0%
1524,60,209,0%
1585,60,220,0%
1646,60,220,0%
1707,60,217,0%
1768,60,233,0%
1829,60,226,0%
1890,60,232,0%
1951,60,238,0%
2012,60,239,0%
2073,60,208,0%
2134,60,219,0%
2195,60,213,0%
2256,60,232,0%
2317,60,227,0%
2378,60,198,0%
2439,60,211,0%
2500,60,221,0%
2561,60,200,0%
2622,60,210,0%
2683,60,233,0%
2744,60,196,0%
2805,60,232,0%
2866,60,207,0%
2927,60,231,0%
2988,60,230,0%
3049,60,187,0%
3110,60,215,0%
3171,60,218,0%
3232,60,197,0%
3293,60,225,0%
3354,60,225,0%
3415,60,224,0%
3476,60,229,0%
3537,60,221,0%
3598,60,221,0%
3659,60,214,0%
3720,60,155,0%
3781,60,219,0%
3842,60,219,0%
3903,60,207,0%
3964,60,213,0%
4025,60,210,0%
4086,60,214,0%
4147,60,217,0%
4208,60,208,0%
4269,60,228,0%
4330,60,206,0%
4391,60,188,0%
4452,60,196,0%
4513,60,227,0%
4574,60,208,0%
4635,60,200,0%
4696,60,236,0%
4757,60,232,0%
4818,60,224,0%
4879,60,219,0%
4940,60,226,0%
5001,60,233,0%
5062,60,218,0%
5123,60,220,0%
5184,60,229,0%
5245,60,230,0%
5306,60,236,0%
5367,60,236,0%
5428,60,215,0%
5489,60,237,0%
5550,60,225,0%
5611,60,218,0%
5672,60,225,0%
5733,60,208,0%
5794,60,220,0%
5855,60,217,0%
5916,60,194,0%
5977,60,175,0%
6038,60,234,0%
6099,60,163,0%
6160,60,210,0%
6221,60,233,0%
6282,60,217,0%
6343,60,219,0%
6404,60,225,0%
6465,60,229,0%
6526,60,231,0%
6587,60,211,0%
6648,60,214,0%
6709,60,229,0%
6770,60,222,0%
6831,60,216,0%
6892,60,230,0%
6953,60,226,0%
7014,60,226,0%
7075,60,225,0%
7136,60,200,0%
7197,60,206,0%
7258,60,203,0%
7319,60,205,0%
7380,60,232,0%
7441,60,215,0%
7502,60,208,0%
7563,60,128,0%
7624,60,221,0%
7685,60,180,0%
7746,60,219,0%
7807,60,107,0%
7868,60,208,0%
7929,60,223,0%
7990,60,221,0%
8051,60,207,0%
8112,60,220,0%
8173,60,204,0%
8234,60,221,0%
8295,60,239,0%
8356,60,197,0%
8417,60,226,0%
8478,60,195,0%
8539,60,231,0%
8600,60,226,0%
8661,60,219,0%
8722,60,211,0%
8783,60,222,0%
8844,60,229,0%
8905,60,224,0%
8966,60,230,0%
9027,60,215,0%
9088,60,207,0%
9149,60,225,0%
9210,60,213,0%
9271,60,220,0%
9332,60,228,0%
9393,60,221,0%
9454,60,88,0%
9515,60,231,0%
9576,60,209,0%
9637,60,235,0%
9698,60,209,0%
9759,60,221,0%
9820,60,218,0%
9881,60,236,0%
9942,60,222,0%
10003,60,225,0%
10064,60,205,0%
10125,60,237,0%
10186,60,239,0%
10247,60,221,0%
10308,60,172,0%
10369,60,205,0%
10430,60,230,0%
10491,60,236,0%
10552,60,233,0%
10613,60,227,0%
10674,60,230,0%
10735,60,214,0%
10796,60,229,0%
10857,60,220,0%
10918,60,214,0%
10979,60,211,0%
11040,60,205,0%
11101,60,233,0%
11162,60,237,0%
11223,60,228,0%
11284,60,202,0%
11345,60,226,0%
11406,60,223,0%
11467,60,225,0%
11528,60,220,0%
11589,60,230,0%
11650,60,231,0%
11711,60,225,0%
11772,60,221,0%
11833,60,208,0%
11894,60,223,0%
11955,60,209,0%
12016,60,210,0%
12077,60,178,0%
12138,60,220,0%
12199,60,224,0%
12260,60,239,0%
12321,60,236,0%
12382,60,204,0%
12443,60,227,0%
12504,60,217,0%
12565,60,214,0%
12626,60,236,0%
12687,60,233,0%
12748,60,222,0%
12809,60,227,0%
12870,60,150,0%
12931,60,217,0%
12992,60,227,0%
13053,60,202,0%
13114,60,224,0%
13175,60,227,0%
13236,60,222,0%
13297,60,228,0%
13358,60,237,0%
13419,60,206,0%
13480,60,230,0%
13541,60,228,0%
13602,60,240,0%
13663,60,228,0%
13724,60,225,0%
13785,60,218,0%
13846,60,185,0%
13907,60,208,0%
13968,60,195,0%
14029,60,216,0%
14090,60,218,0%
14151,60,213,0%
14212,60,228,0%
14273,60,231,0%
14334,60,221,0%
14395,60,205,0%
14456,60,222,0%
14517,60,203,0%
14578,60,219,0%
14639,60,197,0%
14700,60,226,0%
14761,60,230,0%
14822,60,195,0%
14883,60,234,0%
14944,60,177,0%
15005,60,219,0%
15066,60,198,0%
15127,60,221,0%
15188,60,206,0%
15249,60,230,0%
15310,60,229,0%
15371,60,205,0%
15432,60,228,0%
15493,60,234,0%
15554,60,199,0%
15615,60,229,0%
15676,60,214,0%
15737,60,227,0%
15798,60,234,0%
15859,60,180,0%
15920,60,228,0%
15981,60,229,0%
16042,60,207,0%
16103,60,229,0%
16164,60,223,0%
16225,60,215,0%
16286,60,208,0%
16347,60,223,0%
16408,60,216,0%
16469,60,218,0%
16530,60,209,0%
16591,60,226,0%
16652,60,224,0%
16713,60,187,0%
16774,60,215,0%
16835,60,218,0%
16896,60,224,0%
16957,60,213,0%
17018,60,188,0%
17079,60,235,0%
17140,60,227,0%
17201,60,191,0%
17262,60,234,0%
17323,60,208,0%
17384,60,201,0%
17445,60,220,0%
17506,60,228,0%
17567,60,236,0%
17628,60,233,0%
17689,60,232,0%
17750,60,222,0%
17811,60,196,0%
17872,60,223,0%
17933,60,162,0%
17994,60,204,0%
18055,60,223,0%
18116,60,226,0%
18177,60,221,0%
18238,60,234,0%
18299,60,233,0%
18360,60,207,0%
18421,60,209,0%
18482,60,216,0%
18543,60,228,0%
18604,60,209,0%
18665,60,235,0%
18726,60,231,0%
18787,60,228,0%
18848,60,219,0%
18909,60,206,0%
18970,60,226,0%
19031,60,182,0%
19092,60,198,0%
19153,60,202,0%
19214,60,228,0%
19275,60,217,0%
19336,60,216,0%
19397,60,234,0%
19458,60,231,0%
19519,60,230,0%
19580,60,229,0%
19641,60,222,0%
19702,60,230,0%
19763,60,185,0%
19824,60,215,0%
19885,60,201,0%
19946,60,227,0%
20007,60,211,0%
20068,60,237,0%
20129,60,217,0%
20190,60,206,0%
20251,60,219,0%
20312,60,216,0%
20373,60,228,0%
20434,60,222,0%
20495,60,218,0%
20556,60,236,0%
20617,60,204,0%
20678,60,209,0%
20739,60,223,0%
20800,60,197,0%
20861,60,215,0%
20922,60,228,0%
20983,60,232,0%
21044,60,220,0%
21105,60,223,0%
21166,60,224,0%
21227,60,197,0%
21288,60,182,0%
21349,60,228,0%
21410,60,236,0%
21471,60,228,0%
21532,60,210,0%
21593,60,232,0%
21654,60,226,0%
21715,60,226,0%
21776,60,212,0%
21837,60,234,0%
21898,60,227,0%
21959,60,218,0%
22020,60,209,0%
22081,60,228,0%
22142,60,239,0%
22203,60,224,0%
22264,60,220,0%
22325,60,224,0%
22386,60,185,0%
22447,60,232,0%
22508,60,221,0%
22569,60,232,0%
22630,60,237,0%
22691,60,207,0%
22752,60,212,0%
22813,60,201,0%
22874,60,219,0%
22935,60,186,0%
22996,60,218,0%
23057,60,230,0%
23118,60,224,0%
23179,60,226,0%
23240,60,233,0%
23301,60,212,0%
23362,60,211,0%
23423,60,233,0%
23484,60,225,0%
23545,60,189,0%
23606,60,206,0%
23667,60,228,0%
23728,60,217,0%
23789,60,229,0%
23850,60,230,0%
23911,60,183,0%
23972,60,218,0%
24033,60,158,0%
24094,60,221,0%
24155,60,226,0%
24216,60,234,0%
24277,60,234,0%
24338,60,178,0%
24399,60,225,0%
24460,60,227,0%
24521,60,222,0%
24582,60,230,0%
24643,60,236,0%
24704,60,235,0%
24765,60,211,0%
24826,60,211,0%
24887,60,224,0%
24948,60,232,0%
25009,60,237,0%
25070,60,227,0%
25131,60,221,0%
25192,60,203,0%
25253,60,206,0%
25314,60,195,0%
25375,60,204,0%
25436,60,226,0%
25497,60,229,0%
25558,60,228,0%
25619,60,237,0%
25680,60,222,0%
25741,60,235,0%
25802,60,227,0%
25863,60,231,0%
25924,60,227,0%
25985,60,231,0%
26046,60,222,0%
26107,60,188,0%
26168,60,236,0%
26229,60,233,0%
26290,60,199,0%
26351,60,221,0%
26412,60,173,0%
26473,60,222,0%
26534,60,221,0%
26595,60,201,0%
26656,60,131,0%
26717,60,235,0%
26778,60,219,0%
26839,60,231,0%
26900,60,237,0%
26961,60,224,0%
27022,60,227,0%
27083,60,199,0%
27144,60,197,0%
27205,60,231,0%
27266,60,213,0%
27327,60,214,0%
27388,60,213,0%
27449,60,237,0%
27510,60,227,0%
27571,60,220,0%
27632,60,217,0%
27693,60,231,0%
27754,60,221,0%
27815,60,225,0%
27876,60,228,0%
27937,60,223,0%
27998,60,236,0%
28059,60,230,0%
28120,60,216,0%
28181,60,218,0%
28242,60,229,0%
28303,60,186,0%
28364,60,215,0%
28425,60,219,0%
28486,60,209,0%
28547,60,195,0%
28608,60,224,0%
28669,60,222,0%
28730,60,197,0%
28791,60,224,0%
28852,60,233,0%
28913,60,217,0%
28974,60,227,0%
29035,60,215,0%
29096,60,192,0%
29157,60,228,0%
29218,60,230,0%
29279,60,224,0%
29340,60,209,0%
29401,60,201,0%
29462,60,181,0%
29523,60,217,0%
29584,60,231,0%
29645,60,182,0%
29706,60,217,0%
29767,60,233,0%
29828,60,208,0%
29889,60,196,0%
29950,60,201,0%
30011,60,226,0%
30072,60,206,0%
30133,60,235,0%
30194,60,206,0%
30255,60,225,0%
30316,60,214,0%
30377,60,195,0%
30438,60,233,0%
30499,60,188,0%
30560,60,208,10%
30621,60,210,10%
30682,60,191,10%
30743,60,209,10%
30804,60,190,10%
30865,60,213,10%
30926,60,188,10%
30987,60,207,10%
31048,60,211,10%
31109,60,204,10%
31170,60,160,10%
31231,60,168,10%
31292,60,198,10%
31353,60,182,10%
31414,60,206,10%
31475,60,191,10%
31536,60,174,10%
31597,60,210,10%
31658,60,191,10%
31719,60,197,10%
31780,60,193,10%
31841,60,194,10%
31902,60,203,10%
31963,60,206,10%
32024,60,194,10%
32085,60,188,10%
32146,60,208,10%
32207,60,169,10%
32268,60,199,10%
32329,60,181,10%
32390,60,182,10%
32451,60,199,10%
32512,60,183,10%
32573,60,171,10%
32634,60,211,10%
32695,60,213,10%
32756,60,195,10%
32817,60,196,10%
32878,60,173,10%
32939,60,190,10%
33000,60,201,10%
33061,60,197,10%
33122,60,198,10%
33183,60,204,10%
33244,60,201,10%
33305,60,185,10%
33366,60,174,10%
33427,60,196,10%
33488,60,208,10%
33549,60,184,10%
33610,60,132,10%
33671,60,181,10%
33732,60,196,10%
33793,60,203,10%
33854,60,204,10%
33915,60,199,10%
33976,60,212,10%
34037,60,178,10%
34098,60,99,10%
34159,60,205,10%
34220,60,176,10%
34281,60,193,10%
34342,60,186,10%
34403,60,198,10%
34464,60,204,10%
34525,60,210,10%
34586,60,198,10%
34647,60,145,10%
34708,60,195,10%
34769,60,195,10%
34830,60,195,10%
34891,60,121,10%
34952,60,211,10%
35013,60,185,10%
35074,60,203,10%
35135,60,203,10%
35196,60,179,10%
35257,60,181,10%
35318,60,181,10%
35379,60,203,10%
35440,60,211,10%
35501,60,178,10%
35562,60,211,10%
35623,60,185,10%
35684,60,171,10%
35745,60,208,10%
35806,60,198,10%
35867,60,207,10%
35928,60,205,10%
35989,60,205,10%
36050,60,192,10%
36111,60,190,10%
36172,60,180,10%
36233,60,174,10%
36294,60,184,10%
36355,60,211,10%
36416,60,179,10%
36477,60,173,10%
36538,60,195,10%
36599,60,199,10%
36660,60,204,10%
36721,60,202,10%
36782,60,184,10%
36843,60,198,10%
36904,60,163,10%
36965,60,205,10%
37026,60,184,10%
37087,60,199,10%
37148,60,188,10%
37209,60,189,10%
37270,60,204,10%
37331,60,205,10%
37392,60,207,10%
37453,60,194,10%
37514,60,186,10%
37575,60,211,10%
37636,60,194,10%
37697,60,189,10%
37758,60,210,10%
37819,60,215,10%
37880,60,169,10%
37941,60,167,10%
38002,60,200,10%
38063,60,195,10%
38124,60,204,10%
38185,60,196,10%
38246,60,168,10%
38307,60,197,10%
38368,60,194,10%
38429,60,207,10%
38490,60,197,10%
38551,60,212,10%
38612,60,187,10%
38673,60,197,10%
38734,60,210,10%
38795,60,198,10%
38856,60,205,10%
38917,60,161,10%
38978,60,196,10%
39039,60,193,10%
39100,60,183,10%
39161,60,210,10%
39222,60,188,10%
39283,60,197,10%
39344,60,202,10%
39405,60,173,10%
39466,60,199,10%
39527,60,173,10%
39588,60,168,10%
39649,60,209,10%
39710,60,184,10%
39771,60,210,10%
39832,60,191,10%
39893,60,207,10%
39954,60,208,10%
40015,60,203,10%
40076,60,179,10%
40137,60,121,10%
40198,60,187,10%
40259,60,187,10%
40320,60,198,10%
40381,60,210,10%
40442,60,175,10%
40503,60,171,10%
40564,60,195,10%
40625,60,177,10%
40686,60,161,10%
40747,60,203,10%
40808,60,190,10%
40869,60,206,10%
40930,60,81,10%
40991,60,207,10%
41052,60,150,10%
41113,60,172,10%
41174,60,211,10%
41235,60,208,10%
41296,60,212,10%
41357,60,195,10%
41418,60,205,10%
41479,60,180,10%
41540,60,204,10%
41601,60,201,10%
41662,60,171,10%
41723,60,203,10%
41784,60,190,10%
41845,60,130,10%
41906,60,188,10%
41967,60,190,10%
42028,60,209,10%
42089,60,210,10%
42150,60,192,10%
42211,60,214,10%
42272,60,201,10%
42333,60,206,10%
42394,60,177,10%
42455,60,208,10%
42516,60,209,10%
42577,60,188,10%
42638,60,199,10%
42699,60,209,10%
42760,60,203,10%
42821,60,190,10%
42882,60,192,10%
42943,60,209,10%
43004,60,211,10%
43065,60,177,10%
43126,60,204,10%
43187,60,203,10%
43248,60,178,10%
43309,60,208,10%
43370,60,142,10%
43431,60,213,10%
43492,60,205,10%
43553,60,180,10%
43614,60,203,10%
43675,60,206,10%
43736,60,200,10%
43797,60,207,10%
43858,60,161,10%
43919,60,192,10%
43980,60,177,10%
44041,60,207,10%
44102,60,202,10%
44163,60,202,10%
44224,60,210,10%
44285,60,206,10%
44346,60,207,10%
44407,60,211,10%
44468,60,188,10%
44529,60,181,10%
44590,60,204,10%
44651,60,195,10%
44712,60,192,10%
44773,60,193,10%
44834,60,205,10%
44895,60,173,10%
44956,60,184,10%
45017,60,202,10%
45078,60,206,10%
45139,60,178,10%
45200,60,203,10%
45261,60,192,10%
45322,60,161,10%
45383,60,128,10%
45444,60,186,10%
45505,60,210,10%
45566,60,196,10%
45627,60,192,10%
45688,60,183,10%
45749,60,164,10%
45810,60,195,10%
45871,60,209,10%
45932,60,199,10%
45993,60,203,10%
46054,60,200,10%
46115,60,200,10%
46176,60,173,10%
46237,60,108,10%
46298,60,214,10%
46359,60,190,10%
46420,60,151,10%
46481,60,200,10%
46542,60,199,10%
46603,60,201,10%
46664,60,184,10%
46725,60,208,10%
46786,60,196,10%
46847,60,180,10%
46908,60,163,10%
46969,60,199,10%
47030,60,207,10%
47091,60,206,10%
47152,60,194,10%
47213,60,198,10%
47274,60,216,10%
47335,60,153,10%
47396,60,155,10%
47457,60,187,10%
47518,60,195,10%
47579,60,210,10%
47640,60,194,10%
47701,60,208,10%
47762,60,200,10%
47823,60,150,10%
47884,60,197,10%
47945,60,196,10%
48006,60,202,10%
48067,60,205,10%
48128,60,211,10%
48189,60,197,10%
48250,60,198,10%
48311,60,192,10%
48372,60,209,10%
48433,60,192,10%
48494,60,173,10%
48555,60,185,10%
48616,60,203,10%
48677,60,189,10%
48738,60,211,10%
48799,60,198,10%
48860,60,208,10%
48921,60,207,10%
48982,60,192,10%
49043,60,208,10%
49104,60,167,10%
49165,60,170,10%
49226,60,195,10%
49287,60,206,10%
49348,60,180,10%
49409,60,213,10%
49470,60,191,10%
49531,60,206,10%
49592,60,207,10%
49653,60,184,10%
49714,60,199,10%
49775,60,179,10%
49836,60,205,10%
49897,60,206,10%
49958,60,195,10%
50019,60,191,10%
50080,60,201,10%
50141,60,196,10%
50202,60,141,10%
50263,60,202,10%
50324,60,201,10%
50385,60,187,10%
50446,60,210,10%
50507,60,209,10%
50568,60,212,10%
50629,60,210,10%
50690,60,201,10%
50751,60,202,10%
50812,60,192,10%
50873,60,209,10%
50934,60,183,10%
50995,60,181,10%
51056,60,201,10%
51117,60,196,10%
51178,60,184,10%
51239,60,213,10%
51300,60,198,10%
51361,60,208,10%
51422,60,207,10%
51483,60,193,10%
51544,60,196,10%
51605,60,210,10%
51666,60,207,10%
51727,60,199,10%
51788,60,195,10%
51849,60,205,10%
51910,60,198,10%
51971,60,193,10%
52032,60,188,10%
52093,60,197,10%
52154,60,197,10%
52215,60,200,10%
52276,60,206,10%
52337,60,116,10%
52398,60,179,10%
52459,60,200,10%
52520,60,189,10%
52581,60,133,10%
52642,60,202,10%
52703,60,199,10%
52764,60,183,10%
52825,60,187,10%
52886,60,196,10%
52947,60,182,10%
53008,60,180,10%
53069,60,164,10%
53130,60,203,10%
53191,60,194,10%
53252,60,191,10%
53313,60,178,10%
53374,60,183,10%
53435,60,198,10%
53496,60,188,10%
53557,60,163,10%
53618,60,196,10%
53679,60,203,10%
53740,60,203,10%
53801,60,182,10%
53862,60,197,10%
53923,60,208,10%
53984,60,184,10%
54045,60,201,10%
54106,60,195,10%
54167,60,196,10%
54228,60,200,10%
54289,60,191,10%
54350,60,204,10%
54411,60,160,10%
54472,60,202,10%
54533,60,194,10%
54594,60,196,10%
54655,60,136,10%
54716,60,201,10%
54777,60,185,10%
54838,60,209,10%
54899,60,201,10%
54960,60,148,10%
55021,60,189,10%
55082,60,200,10%
55143,60,197,10%
55204,60,202,10%
55265,60,207,10%
55326,60,202,10%
55387,60,185,10%
55448,60,184,10%
55509,60,171,10%
55570,60,191,10%
55631,60,182,10%
55692,60,209,10%
55753,60,193,10%
55814,60,203,10%
55875,60,182,10%
55936,60,62,10%
55997,60,213,10%
56058,60,169,10%
56119,60,197,10%
56180,60,203,10%
56241,60,197,10%
56302,60,196,10%
56363,60,206,10%
56424,60,203,10%
56485,60,200,10%
56546,60,203,10%
56607,60,202,10%
56668,60,188,10%
56729,60,203,10%
56790,60,202,10%
56851,60,176,10%
56912,60,170,10%
56973,60,170,10%
57034,60,174,10%
57095,60,197,10%
57156,60,204,10%
57217,60,201,10%
57278,60,210,10%
57339,60,86,10%
57400,60,207,10%
57461,60,192,10%
57522,60,200,10%
57583,60,197,10%
57644,60,174,10%
57705,60,197,10%
57766,60,196,10%
57827,60,162,10%
57888,60,215,10%
57949,60,189,10%
58010,60,189,10%
58071,60,205,10%
58132,60,204,10%
58193,60,173,10%
58254,60,192,10%
58315,60,202,10%
58376,60,184,10%
58437,60,201,10%
58498,60,207,10%
58559,60,203,10%
58620,60,189,10%
58681,60,154,10%
58742,60,202,10%
58803,60,177,10%
58864,60,189,10%
58925,60,202,10%
58986,60,212,10%
59047,60,199,10%
59108,60,207,10%
59169,60,121,10%
59230,60,176,10%
59291,60,183,10%
59352,60,215,10%
59413,60,177,10%
59474,60,185,10%
59535,60,179,10%
59596,60,191,10%
59657,60,196,10%
59718,60,209,10%
59779,60,210,10%
59840,60,207,10%
59901,60,198,10%
59962,60,214,10%
60023,60,197,10%
60084,60,208,10%
60145,60,203,10%
60206,60,215,10%
60267,60,210,10%
60328,60,196,10%
60389,60,211,10%
60450,60,198,10%
60511,60,186,10%
60572,60,190,10%
60633,60,172,10%
60694,60,172,10%
60755,60,189,10%
60816,60,208,10%
60877,60,193,10%
60938,60,178,10%
60999,60,200,10%
61060,60,90,40%
61121,60,125,40%
61182,60,131,40%
61243,60,125,40%
61304,60,97,40%
61365,60,118,40%
61426,60,121,40%
61487,60,112,40%
61548,60,118,40%
61609,60,126,40%
61670,60,140,40%
61731,60,104,40%
61792,60,102,40%
61853,60,118,40%
61914,60,130,40%
61975,60,131,40%
62036,60,112,40%
62097,60,121,40%
62158,60,124,40%
62219,60,119,40%
62280,60,102,40%
62341,60,84,40%
62402,60,93,40%
62463,60,124,40%
62524,60,131,40%
62585,60,141,40%
62646,60,140,40%
62707,60,118,40%
62768,60,108,40%
62829,60,136,40%
62890,60,133,40%
62951,60,88,40%
63012,60,134,40%
63073,60,121,40%
63134,60,122,40%
63195,60,139,40%
63256,60,131,40%
63317,60,81,40%
63378,60,88,40%
63439,60,140,40%
63500,60,113,40%
63561,60,100,40%
63622,60,62,40%
63683,60,105,40%
63744,60,135,40%
63805,60,112,40%
63866,60,130,40%
63927,60,85,40%
63988,60,106,40%
64049,60,93,40%
64110,60,111,40%
64171,60,78,40%
64232,60,93,40%
64293,60,129,40%
64354,60,137,40%
64415,60,107,40%
64476,60,126,40%
64537,60,78,40%
64598,60,117,40%
64659,60,110,40%
64720,60,72,40%
64781,60,136,40%
64842,60,117,40%
64903,60,113,40%
64964,60,65,40%
65025,60,68,40%
65086,60,126,40%
65147,60,91,40%
65208,60,124,40%
65269,60,110,40%
65330,60,129,40%
65391,60,109,40%
65452,60,109,40%
65513,60,136,40%
65574,60,115,40%
65635,60,123,40%
65696,60,133,40%
65757,60,114,40%
65818,60,103,40%
65879,60,121,40%
65940,60,126,40%
66001,60,97,40%
66062,60,118,40%
66123,60,110,40%
66184,60,86,40%
66245,60,124,40%
66306,60,111,40%
66367,60,134,40%
66428,60,110,40%
66489,60,126,40%
66550,60,96,40%
66611,60,14,40%
66672,60,132,40%
66733,60,117,40%
66794,60,126,40%
66855,60,89,40%
66916,60,102,40%
66977,60,69,40%
67038,60,97,40%
67099,60,74,40%
67160,60,90,40%
67221,60,108,40%
67282,60,131,40%
67343,60,135,40%
67404,60,107,40%
67465,60,129,40%
67526,60,114,40%
67587,60,128,40%
67648,60,112,40%
67709,60,111,40%
67770,60,94,40%
67831,60,123,40%
67892,60,72,40%
67953,60,120,40%
68014,60,104,40%
68075,60,127,40%
68136,60,115,40%
68197,60,120,40%
68258,60,128,40%
68319,60,117,40%
68380,60,127,40%
68441,60,134,40%
68502,60,122,40%
68563,60,109,40%
68624,60,85,40%
68685,60,102,40%
68746,60,126,40%
68807,60,35,40%
68868,60,123,40%
68929,60,83,40%
68990,60,102,40%
69051,60,129,40%
69112,60,130,40%
69173,60,132,40%
69234,60,123,40%
69295,60,38,40%
69356,60,116,40%
69417,60,92,40%
69478,60,118,40%
69539,60,129,40%
69600,60,121,40%
69661,60,123,40%
69722,60,90,40%
69783,60,111,40%
69844,60,45,40%
69905,60,105,40%
69966,60,88,40%
70027,60,116,40%
70088,60,89,40%
70149,60,106,40%
70210,60,104,40%
70271,60,140,40%
70332,60,113,40%
70393,60,121,40%
70454,60,103,40%
70515,60,102,40%
70576,60,141,40%
70637,60,122,40%
70698,60,139,40%
70759,60,124,40%
70820,60,127,40%
70881,60,112,40%
70942,60,83,40%
71003,60,89,40%
71064,60,118,40%
71125,60,114,40%
71186,60,136,40%
71247,60,125,40%
71308,60,127,40%
71369,60,35,40%
71430,60,65,40%
71491,60,75,40%
71552,60,126,40%
71613,60,122,40%
71674,60,107,40%
71735,60,106,40%
71796,60,114,40%
71857,60,84,40%
71918,60,99,40%
71979,60,95,40%
72040,60,82,40%
72101,60,125,40%
72162,60,117,40%
72223,60,77,40%
72284,60,103,40%
72345,60,107,40%
72406,60,134,40%
72467,60,120,40%
72528,60,115,40%
72589,60,131,40%
72650,60,114,40%
72711,60,126,40%
72772,60,60,40%
72833,60,112,40%
72894,60,122,40%
72955,60,139,40%
73016,60,126,40%
73077,60,87,40%
73138,60,112,40%
73199,60,117,40%
73260,60,86,40%
73321,60,113,40%
73382,60,123,40%
73443,60,132,40%
73504,60,107,40%
73565,60,123,40%
73626,60,116,40%
73687,60,75,40%
73748,60,82,40%
73809,60,80,40%
73870,60,73,40%
73931,60,97,40%
73992,60,87,40%
74053,60,87,40%
74114,60,121,40%
74175,60,115,40%
74236,60,96,40%
74297,60,37,40%
74358,60,110,40%
74419,60,85,40%
74480,60,133,40%
74541,60,106,40%
74602,60,94,40%
74663,60,92,40%
74724,60,116,40%
74785,60,135,40%
74846,60,130,40%
74907,60,118,40%
74968,60,116,40%
75029,60,119,40%
75090,60,116,40%
75151,60,120,40%
75212,60,140,40%
75273,60,129,40%
75334,60,137,40%
75395,60,128,40%
75456,60,120,40%
75517,60,118,40%
75578,60,43,40%
75639,60,83,40%
75700,60,112,40%
75761,60,110,40%
75822,60,107,40%
75883,60,103,40%
75944,60,84,40%
76005,60,132,40%
76066,60,93,40%
76127,60,134,40%
76188,60,31,40%
76249,60,117,40%
76310,60,102,40%
76371,60,122,40%
76432,60,125,40%
76493,60,109,40%
76554,60,62,40%
76615,60,135,40%
76676,60,89,40%
76737,60,114,40%
76798,60,129,40%
76859,60,130,40%
76920,60,114,40%
76981,60,109,40%
77042,60,109,40%
77103,60,131,40%
77164,60,94,40%
77225,60,89,40%
77286,60,128,40%
77347,60,108,40%
77408,60,100,40%
77469,60,113,40%
77530,60,125,40%
77591,60,138,40%
77652,60,101,40%
77713,60,117,40%
77774,60,128,40%
77835,60,75,40%
77896,60,127,40%
77957,60,93,40%
78018,60,107,40%
78079,60,89,40%
78140,60,122,40%
78201,60,96,40%
78262,60,101,40%
78323,60,82,40%
78384,60,112,40%
78445,60,104,40%
78506,60,104,40%
78567,60,127,40%
78628,60,135,40%
78689,60,129,40%
78750,60,114,40%
78811,60,125,40%
78872,60,133,40%
78933,60,82,40%
78994,60,67,40%
79055,60,84,40%
79116,60,131,40%
79177,60,82,40%
79238,60,110,40%
79299,60,132,40%
79360,60,108,40%
79421,60,125,40%
79482,60,109,40%
79543,60,113,40%
79604,60,119,40%
79665,60,135,40%
79726,60,121,40%
79787,60,124,40%
79848,60,128,40%
79909,60,107,40%
79970,60,138,40%
80031,60,127,40%
80092,60,129,40%
80153,60,78,40%
80214,60,123,40%
80275,60,129,40%
80336,60,137,40%
80397,60,82,40%
80458,60,94,40%
80519,60,95,40%
80580,60,88,40%
80641,60,137,40%
80702,60,105,40%
80763,60,133,40%
80824,60,124,40%
80885,60,109,40%
80946,60,119,40%
81007,60,116,40%
81068,60,132,40%
81129,60,112,40%
81190,60,142,40%
81251,60,122,40%
81312,60,136,40%
81373,60,112,40%
81434,60,125,40%
81495,60,86,40%
81556,60,112,40%
81617,60,90,40%
81678,60,131,40%
81739,60,124,40%
81800,60,84,40%
81861,60,76,40%
81922,60,133,40%
81983,60,116,40%
82044,60,126,40%
82105,60,129,40%
82166,60,112,40%
82227,60,120,40%
82288,60,132,40%
82349,60,129,40%
82410,60,116,40%
82471,60,124,40%
82532,60,28,40%
82593,60,120,40%
82654,60,103,40%
82715,60,133,40%
82776,60,134,40%
82837,60,120,40%
82898,60,102,40%
82959,60,132,40%
83020,60,106,40%
83081,60,135,40%
83142,60,112,40%
83203,60,108,40%
83264,60,123,40%
83325,60,136,40%
83386,60,93,40%
83447,60,78,40%
83508,60,139,40%
83569,60,130,40%
83630,60,90,40%
83691,60,88,40%
83752,60,132,40%
83813,60,29,40%
83874,60,126,40%
83935,60,106,40%
83996,60,29,40%
84057,60,136,40%
84118,60,106,40%
84179,60,98,40%
84240,60,130,40%
84301,60,92,40%
84362,60,133,40%
84423,60,127,40%
84484,60,126,40%
84545,60,129,40%
84606,60,60,40%
84667,60,124,40%
84728,60,81,40%
84789,60,97,40%
84850,60,132,40%
84911,60,90,40%
84972,60,99,40%
85033,60,109,40%
85094,60,107,40%
85155,60,105,40%
85216,60,111,40%
85277,60,102,40%
85338,60,120,40%
85399,60,113,40%
85460,60,125,40%
85521,60,111,40%
85582,60,115,40%
85643,60,114,40%
85704,60,134,40%
85765,60,90,40%
85826,60,100,40%
85887,60,124,40%
85948,60,104,40%
86009,60,113,40%
86070,60,123,40%
86131,60,118,40%
86192,60,119,40%
86253,60,137,40%
86314,60,73,40%
86375,60,127,40%
86436,60,136,40%
86497,60,84,40%
86558,60,82,40%
86619,60,100,40%
86680,60,116,40%
86741,60,133,40%
86802,60,128,40%
86863,60,84,40%
86924,60,121,40%
86985,60,109,40%
87046,60,110,40%
87107,60,124,40%
87168,60,101,40%
87229,60,117,40%
87290,60,127,40%
87351,60,79,40%
87412,60,73,40%
87473,60,129,40%
87534,60,125,40%
87595,60,99,40%
87656,60,109,40%
87717,60,130,40%
87778,60,109,40%
87839,60,34,40%
87900,60,36,40%
87961,60,127,40%
88022,60,129,40%
88083,60,111,40%
88144,60,125,40%
88205,60,125,40%
88266,60,123,40%
88327,60,44,40%
88388,60,125,40%
88449,60,92,40%
88510,60,111,40%
88571,60,36,40%
88632,60,129,40%
88693,60,94,40%
88754,60,97,40%
88815,60,121,40%
88876,60,40,40%
88937,60,132,40%
88998,60,126,40%
89059,60,112,40%
89120,60,120,40%
89181,60,131,40%
89242,60,123,40%
89303,60,122,40%
89364,60,123,40%
89425,60,127,40%
89486,60,111,40%
89547,60,107,40%
89608,60,62,40%
89669,60,106,40%
89730,60,135,40%
89791,60,129,40%
89852,60,116,40%
89913,60,120,40%
89974,60,28,40%
90035,60,122,40%
90096,60,117,40%
90157,60,130,40%
90218,60,46,40%
90279,60,119,40%
90340,60,115,40%
90401,60,129,40%
90462,60,126,40%
90523,60,108,40%
90584,60,122,40%
90645,60,137,40%
90706,60,91,40%
90767,60,132,40%
90828,60,106,40%
90889,60,87,40%
90950,60,104,40%
91011,60,84,40%
91072,60,132,40%
91133,60,116,40%
91194,60,102,40%
91255,60,113,40%
91316,60,129,40%
91377,60,118,40%
91438,60,71,40%
91499,60,98,40%
91560,60,43,70%
91621,60,16,70%
91682,60,44,70%
91743,60,26,70%
91804,60,44,70%
91865,60,42,70%
91926,60,21,70%
91987,60,37,70%
92048,60,48,70%
92109,60,26,70%
92170,60,38,70%
92231,60,49,70%
92292,60,55,70%
92353,60,42,70%
92414,60,37,70%
92475,60,35,70%
92536,60,30,70%
92597,60,37,70%
92658,60,23,70%
92719,60,45,70%
92780,60,32,70%
92841,60,47,70%
92902,60,41,70%
92963,60,27,70%
93024,60,41,70%
93085,60,32,70%
93146,60,45,70%
93207,60,31,70%
93268,60,47,70%
93329,60,34,70%
93390,60,32,70%
93451,60,33,70%
93512,60,24,70%
93573,60,24,70%
93634,60,33,70%
93695,60,29,70%
93756,60,25,70%
93817,60,32,70%
93878,60,34,70%
93939,60,37,70%
94000,60,29,70%
94061,60,14,70%
94122,60,15,70%
94183,60,24,70%
94244,60,40,70%
94305,60,21,70%
94366,60,43,70%
94427,60,38,70%
94488,60,12,70%
94549,60,15,70%
94610,60,48,70%
94671,60,41,70%
94732,60,39,70%
94793,60,18,70%
94854,60,20,70%
94915,60,51,70%
94976,60,28,70%
95037,60,25,70%
95098,60,21,70%
95159,60,15,70%
95220,60,26,70%
95281,60,51,70%
95342,60,39,70%
95403,60,40,70%
95464,60,13,70%
95525,60,33,70%
95586,60,43,70%
95647,60,28,70%
95708,60,30,70%
95769,60,43,70%
95830,60,43,70%
95891,60,25,70%
95952,60,40,70%
96013,60,38,70%
96074,60,28,70%
96135,60,13,70%
96196,60,63,70%
96257,60,39,70%
96318,60,31,70%
96379,60,11,70%
96440,60,50,70%
96501,60,25,70%
96562,60,17,70%
96623,60,8,70%
96684,60,28,70%
96745,60,38,70%
96806,60,23,70%
96867,60,58,70%
96928,60,31,70%
96989,60,52,70%
97050,60,23,70%
97111,60,37,70%
97172,60,35,70%
97233,60,58,70%
97294,60,15,70%
97355,60,62,70%
97416,60,39,70%
97477,60,32,70%
97538,60,51,70%
97599,60,4,70%
97660,60,44,70%
97721,60,33,70%
97782,60,31,70%
97843,60,34,70%
97904,60,36,70%
97965,60,32,70%
98026,60,23,70%
98087,60,37,70%
98148,60,27,70%
98209,60,21,70%
98270,60,38,70%
98331,60,12,70%
98392,60,50,70%
98453,60,40,70%
98514,60,22,70%
98575,60,45,70%
98636,60,43,70%
98697,60,5,70%
98758,60,34,70%
98819,60,36,70%
98880,60,45,70%
98941,60,18,70%
99002,60,36,70%
99063,60,55,70%
99124,60,40,70%
99185,60,51,70%
99246,60,32,70%
99307,60,35,70%
99368,60,13,70%
99429,60,24,70%
99490,60,61,70%
99551,60,60,70%
99612,60,48,70%
99673,60,38,70%
99734,60,30,70%
99795,60,24,70%
99856,60,31,70%
99917,60,15,70%
99978,60,14,70%
100039,60,28,70%
100100,60,14,70%
100161,60,42,70%
100222,60,48,70%
100283,60,44,70%
100344,60,34,70%
100405,60,22,70%
100466,60,37,70%
100527,60,19,70%
100588,60,23,70%
100649,60,30,70%
100710,60,23,70%
100771,60,43,70%
100832,60,18,70%
100893,60,17,70%
100954,60,22,70%
101015,60,13,70%
101076,60,41,70%
101137,60,47,70%
101198,60,51,70%
101259,60,43,70%
101320,60,21,70%
101381,60,43,70%
101442,60,42,70%
101503,60,32,70%
101564,60,12,70%
101625,60,26,70%
101686,60,30,70%
101747,60,42,70%
101808,60,43,70%
101869,60,24,70%
101930,60,54,70%
101991,60,38,70%
102052,60,21,70%
102113,60,17,70%
102174,60,7,70%
102235,60,8,70%
102296,60,24,70%
102357,60,30,70%
102418,60,50,70%
102479,60,24,70%
102540,60,51,70%
102601,60,6,70%
102662,60,15,70%
102723,60,43,70%
102784,60,19,70%
102845,60,42,70%
102906,60,37,70%
102967,60,43,70%
103028,60,18,70%
103089,60,32,70%
103150,60,27,70%
103211,60,41,70%
103272,60,32,70%
103333,60,12,70%
103394,60,37,70%
103455,60,14,70%
103516,60,36,70%
103577,60,5,70%
103638,60,15,70%
103699,60,24,70%
103760,60,31,70%
103821,60,35,70%
103882,60,44,70%
103943,60,19,70%
104004,60,26,70%
104065,60,9,70%
104126,60,22,70%
104187,60,46,70%
104248,60,42,70%
104309,60,46,70%
104370,60,20,70%
104431,60,47,70%
104492,60,51,70%
104553,60,53,70%
104614,60,12,70%
104675,60,29,70%
104736,60,58,70%
104797,60,30,70%
104858,60,21,70%
104919,60,44,70%
104980,60,44,70%
105041,60,30,70%
105102,60,35,70%
105163,60,31,70%
105224,60,26,70%
105285,60,36,70%
105346,60,12,70%
105407,60,35,70%
105468,60,21,70%
105529,60,17,70%
105590,60,31,70%
105651,60,15,70%
105712,60,22,70%
105773,60,38,70%
105834,60,38,70%
105895,60,34,70%
105956,60,12,70%
106017,60,42,70%
106078,60,28,70%
106139,60,43,70%
106200,60,34,70%
106261,60,25,70%
106322,60,55,70%
106383,60,25,70%
106444,60,38,70%
106505,60,49,70%
106566,60,34,70%
106627,60,18,70%
106688,60,29,70%
106749,60,29,70%
106810,60,12,70%
106871,60,33,70%
106932,60,15,70%
106993,60,25,70%
107054,60,33,70%
107115,60,35,70%
107176,60,43,70%
107237,60,35,70%
107298,60,63,70%
107359,60,47,70%
107420,60,24,70%
107481,60,62,70%
107542,60,57,70%
107603,60,11,70%
107664,60,9,70%
107725,60,29,70%
107786,60,30,70%
107847,60,34,70%
107908,60,32,70%
107969,60,33,70%
108030,60,13,70%
108091,60,20,70%
108152,60,13,70%
108213,60,21,70%
108274,60,46,70%
108335,60,23,70%
108396,60,25,70%
108457,60,9,70%
108518,60,19,70%
108579,60,18,70%
108640,60,15,70%
108701,60,1,70%
108762,60,49,70%
108823,60,32,70%
108884,60,14,70%
108945,60,24,70%
109006,60,27,70%
109067,60,29,70%
109128,60,31,70%
109189,60,14,70%
109250,60,40,70%
109311,60,27,70%
109372,60,18,70%
109433,60,24,70%
109494,60,42,70%
109555,60,35,70%
109616,60,7,70%
109677,60,39,70%
109738,60,3,70%
109799,60,36,70%
109860,60,39,70%
109921,60,31,70%
109982,60,15,70%
110043,60,52,70%
110104,60,10,70%
110165,60,18,70%
110226,60,31,70%
110287,60,0,70%
110348,60,26,70%
110409,60,49,70%
110470,60,39,70%
110531,60,55,70%
110592,60,10,70%
110653,60,47,70%
110714,60,46,70%
110775,60,27,70%
110836,60,28,70%
110897,60,48,70%
110958,60,20,70%
111019,60,50,70%
111080,60,54,70%
111141,60,6,70%
111202,60,54,70%
111263,60,28,70%
111324,60,31,70%
111385,60,43,70%
111446,60,31,70%
111507,60,26,70%
111568,60,27,70%
111629,60,32,70%
111690,60,25,70%
111751,60,37,70%
111812,60,50,70%
111873,60,38,70%
111934,60,44,70%
111995,60,28,70%
112056,60,55,70%
112117,60,50,70%
112178,60,40,70%
112239,60,27,70%
112300,60,28,70%
112361,60,36,70%
112422,60,50,70%
112483,60,54,70%
112544,60,40,70%
112605,60,39,70%
112666,60,47,70%
112727,60,6,70%
112788,60,16,70%
112849,60,51,70%
112910,60,34,70%
112971,60,9,70%
113032,60,21,70%
113093,60,26,70%
113154,60,29,70%
113215,60,46,70%
113276,60,14,70%
113337,60,41,70%
113398,60,26,70%
113459,60,28,70%
113520,60,11,70%
113581,60,23,70%
113642,60,32,70%
113703,60,39,70%
113764,60,22,70%
113825,60,36,70%
113886,60,32,70%
113947,60,33,70%
114008,60,11,70%
114069,60,49,70%
114130,60,28,70%
114191,60,48,70%
114252,60,47,70%
114313,60,16,70%
114374,60,6,70%
114435,60,23,70%
114496,60,40,70%
114557,60,8,70%
114618,60,31,70%
114679,60,20,70%
114740,60,26,70%
114801,60,23,70%
114862,60,33,70%
114923,60,26,70%
114984,60,30,70%
115045,60,38,70%
115106,60,47,70%
115167,60,31,70%
115228,60,31,70%
115289,60,11,70%
115350,60,39,70%
115411,60,20,70%
115472,60,24,70%
115533,60,14,70%
115594,60,51,70%
115655,60,62,70%
115716,60,3,70%
115777,60,4,70%
115838,60,3,70%
115899,60,12,70%
115960,60,27,70%
116021,60,42,70%
116082,60,11,70%
116143,60,44,70%
116204,60,13,70%
116265,60,12,70%
116326,60,47,70%
116387,60,21,70%
116448,60,21,70%
116509,60,37,70%
116570,60,35,70%
116631,60,32,70%
116692,60,11,70%
116753,60,36,70%
116814,60,23,70%
116875,60,37,70%
116936,60,22,70%
116997,60,31,70%
117058,60,33,70%
117119,60,22,70%
117180,60,40,70%
117241,60,35,70%
117302,60,29,70%
117363,60,18,70%
117424,60,52,70%
117485,60,36,70%
117546,60,40,70%
117607,60,32,70%
117668,60,17,70%
117729,60,17,70%
117790,60,1,70%
117851,60,31,70%
117912,60,33,70%
117973,60,42,70%
118034,60,25,70%
118095,60,45,70%
118156,60,33,70%
118217,60,19,70%
118278,60,3,70%
118339,60,53,70%
118400,60,37,70%
118461,60,15,70%
118522,60,30,70%
118583,60,4,70%
118644,60,13,70%
118705,60,3,70%
118766,60,14,70%
118827,60,54,70%
118888,60,20,70%
118949,60,11,70%
119010,60,28,70%
119071,60,11,70%
119132,60,5,70%
119193,60,30,70%
119254,60,30,70%
119315,60,14,70%
119376,60,24,70%
119437,60,46,70%
119498,60,42,70%
119559,60,22,70%
119620,60,52,70%
119681,60,32,70%
119742,60,15,70%
119803,60,28,70%
119864,60,13,70%
119925,60,22,70%
119986,60,34,70%
120047,60,21,70%
120108,60,35,70%
120169,60,29,70%
120230,60,56,70%
120291,60,34,70%
120352,60,38,70%
120413,60,29,70%
120474,60,18,70%
120535,60,26,70%
120596,60,48,70%
120657,60,42,70%
120718,60,40,70%
120779,60,15,70%
120840,60,1,70%
120901,60,23,70%
120962,60,10,70%
121023,60,18,70%
121084,60,38,70%
121145,60,14,70%
121206,60,20,70%
121267,60,40,70%
121328,60,46,70%
121389,60,58,70%
121450,60,24,70%
121511,60,51,70%
121572,60,46,70%
121633,60,40,70%
121694,60,26,70%
121755,60,36,70%
121816,60,41,70%
121877,60,12,70%
121938,60,31,70%
121999,60,46,70%
